Workbook
Name PhaseList: tblPhases[Phase]
Name pjEnd: Projects!$F$5:$F$1188
Name pjFee: Projects!$H$5:$H$1188
Name pjName: Projects!$B$5:$B$1188
Name pjNo: Projects!$A$5:$A$1188
Name pjPhase: Projects!$C$5:$C$1188
Name pjStart: Projects!$E$5:$E$1188
Name pjStatus: Projects!$D$5:$D$1188
Name pjTotDir: Projects!$T$5:$T$1188
Name pjTotHrs: Projects!$P$5:$P$1188
Name pjTotMid: Projects!$V$5:$V$1188
Name pjTotPD: Projects!$W$5:$W$1188
Name pjTotPr: Projects!$S$5:$S$1188
Name pjTotSD: Projects!$U$5:$U$1188
Name pjType: Projects!$AC$5:$AC$1188
Name pjValue: Projects!$X$5:$X$1188
Name pjWeight: Projects!$AA$5:$AA$1188
Name pjWk: Projects!$AD$5:$AD$1188
Name StaffList: tblStaff[Initials]
Name tlLevel: Timeline!$BJ$20:$BJ$378
Name tlNo: Timeline!$A$20:$A$378
Name tlPhase: Timeline!$C$20:$C$378
Name tlPlaced: Timeline!$F$20:$F$378
Name tlPool: Timeline!$E$20:$E$378
Name tlSrc: Timeline!$BI$20:$BI$378
Name tlStaff: Timeline!$D$20:$D$378
Name tlWeight: Timeline!$BM$20:$BM$378

Sheet Dashboard
A1: Agency Artifact — Staffing & Capacity Dashboard
A2: ="Scenario: "&Assumptions!B6&" | Forecast: "&TEXT(Forecast!D5,"m/d/yy")&" – "&TEXT(Forecast!BC5+6,"m/d/yy")&" (52 weeks)" -> Scenario: Active + Prospective | Forecast: 10/5/26 – 10/3/27 (52 weeks)
A4: KEY METRICS
A5: Phases counted in scenario | B5: =COUNTIFS(pjWeight,">0",pjType,"<>Project") -> 43
A6: Peak firm utilization | B6: =Forecast!C85 -> 1.2033898 | C6: ="Week of "&TEXT(INDEX(Forecast!D5:BC5,MATCH(Forecast!C85,Forecast!D85:BC85,0)),"m/d/yy") -> Week of 10/26/26
A7: Average firm utilization | B7: =Forecast!B85 -> 0.30353651
A8: Weeks with any level understaffed | B8: =COUNTIF(Forecast!D96:BC96,">0") -> 17 | C8: of 52 weeks
A9: Weeks with any level in excess capacity | B9: =COUNTIF(Forecast!D97:BC97,">0") -> 46 | C9: of 52 weeks
A10: Total phase fees | B10: =Economics!F9 -> 2591500 | C10: All phases on Projects sheet
A11: Total projected cost of planned hours | B11: =Economics!E9 -> 1098015
A12: Fee vs projected cost | B12: =Economics!G9 -> 1493485 | C12: =IF(Economics!F9=0,"","Projected cost = "&TEXT(Economics!H9,"0%")&" of fee") -> Projected cost = 42% of fee
A14: STAFFING OUTLOOK — peak utilization and FTE shortfall by time horizon
B15: ="Near-term (wks 1–"&Assumptions!$K$5&")" -> Near-term (wks 1–12) | D15: ="Mid-term (wks "&(Assumptions!$K$5+1)&"–"&Assumptions!$K$6&")" -> Mid-term (wks 13–24) | F15: ="Long-range (wks "&(Assumptions!$K$6+1)&"–52)" -> Long-range (wks 25–52)
A16: Staff Level | B16: Peak Util. | C16: Peak FTE Short | D16: Peak Util. | E16: Peak FTE Short | F16: Peak Util. | G16: Peak FTE Short
A17: =Assumptions!A15 -> Principal | B17: =_xlfn.MAXIFS(Forecast!$D$80:$BC$80,Forecast!$D$4:$BC$4,">="&1,Forecast!$D$4:$BC$4,"<="&Assumptions!$K$5) -> 1.5833333 | C17: =MAX(0,_xlfn.MAXIFS(Forecast!$D$88:$BC$88,Forecast!$D$4:$BC$4,">="&1,Forecast!$D$4:$BC$4,"<="&Assumptions!$K$5)) -> 1.1666667 | D17: =_xlfn.MAXIFS(Forecast!$D$80:$BC$80,Forecast!$D$4:$BC$4,">="&Assumptions!$K$5+1,Forecast!$D$4:$BC$4,"<="&Assumptions!$K$6) -> 0.56666667 | E17: =MAX(0,_xlfn.MAXIFS(Forecast!$D$88:$BC$88,Forecast!$D$4:$BC$4,">="&Assumptions!$K$5+1,Forecast!$D$4:$BC$4,"<="&Assumptions!$K$6)) -> 0 | F17: =_xlfn.MAXIFS(Forecast!$D$80:$BC$80,Forecast!$D$4:$BC$4,">="&Assumptions!$K$6+1,Forecast!$D$4:$BC$4,"<="&52) -> 0.033333333 | G17: =MAX(0,_xlfn.MAXIFS(Forecast!$D$88:$BC$88,Forecast!$D$4:$BC$4,">="&Assumptions!$K$6+1,Forecast!$D$4:$BC$4,"<="&52)) -> 0
A18: =Assumptions!A16 -> Director | B18: =_xlfn.MAXIFS(Forecast!$D$81:$BC$81,Forecast!$D$4:$BC$4,">="&1,Forecast!$D$4:$BC$4,"<="&Assumptions!$K$5) -> 1.1875 | C18: =MAX(0,_xlfn.MAXIFS(Forecast!$D$89:$BC$89,Forecast!$D$4:$BC$4,">="&1,Forecast!$D$4:$BC$4,"<="&Assumptions!$K$5)) -> 0.1875 | D18: =_xlfn.MAXIFS(Forecast!$D$81:$BC$81,Forecast!$D$4:$BC$4,">="&Assumptions!$K$5+1,Forecast!$D$4:$BC$4,"<="&Assumptions!$K$6) -> 1.125 | E18: =MAX(0,_xlfn.MAXIFS(Forecast!$D$89:$BC$89,Forecast!$D$4:$BC$4,">="&Assumptions!$K$5+1,Forecast!$D$4:$BC$4,"<="&Assumptions!$K$6)) -> 0.125 | F18: =_xlfn.MAXIFS(Forecast!$D$81:$BC$81,Forecast!$D$4:$BC$4,">="&Assumptions!$K$6+1,Forecast!$D$4:$BC$4,"<="&52) -> 0.625 | G18: =MAX(0,_xlfn.MAXIFS(Forecast!$D$89:$BC$89,Forecast!$D$4:$BC$4,">="&Assumptions!$K$6+1,Forecast!$D$4:$BC$4,"<="&52)) -> 0
A19: =Assumptions!A17 -> Senior Designer | B19: =_xlfn.MAXIFS(Forecast!$D$82:$BC$82,Forecast!$D$4:$BC$4,">="&1,Forecast!$D$4:$BC$4,"<="&Assumptions!$K$5) -> 1.4444444 | C19: =MAX(0,_xlfn.MAXIFS(Forecast!$D$90:$BC$90,Forecast!$D$4:$BC$4,">="&1,Forecast!$D$4:$BC$4,"<="&Assumptions!$K$5)) -> 0.44444444 | D19: =_xlfn.MAXIFS(Forecast!$D$82:$BC$82,Forecast!$D$4:$BC$4,">="&Assumptions!$K$5+1,Forecast!$D$4:$BC$4,"<="&Assumptions!$K$6) -> 0.44444444 | E19: =MAX(0,_xlfn.MAXIFS(Forecast!$D$90:$BC$90,Forecast!$D$4:$BC$4,">="&Assumptions!$K$5+1,Forecast!$D$4:$BC$4,"<="&Assumptions!$K$6)) -> 0 | F19: =_xlfn.MAXIFS(Forecast!$D$82:$BC$82,Forecast!$D$4:$BC$4,">="&Assumptions!$K$6+1,Forecast!$D$4:$BC$4,"<="&52) -> 0 | G19: =MAX(0,_xlfn.MAXIFS(Forecast!$D$90:$BC$90,Forecast!$D$4:$BC$4,">="&Assumptions!$K$6+1,Forecast!$D$4:$BC$4,"<="&52)) -> 0
A20: =Assumptions!A18 -> Mid Level Designer | B20: =_xlfn.MAXIFS(Forecast!$D$83:$BC$83,Forecast!$D$4:$BC$4,">="&1,Forecast!$D$4:$BC$4,"<="&Assumptions!$K$5) -> 0.90277778 | C20: =MAX(0,_xlfn.MAXIFS(Forecast!$D$91:$BC$91,Forecast!$D$4:$BC$4,">="&1,Forecast!$D$4:$BC$4,"<="&Assumptions!$K$5)) -> 0 | D20: =_xlfn.MAXIFS(Forecast!$D$83:$BC$83,Forecast!$D$4:$BC$4,">="&Assumptions!$K$5+1,Forecast!$D$4:$BC$4,"<="&Assumptions!$K$6) -> 0.44444444 | E20: =MAX(0,_xlfn.MAXIFS(Forecast!$D$91:$BC$91,Forecast!$D$4:$BC$4,">="&Assumptions!$K$5+1,Forecast!$D$4:$BC$4,"<="&Assumptions!$K$6)) -> 0 | F20: =_xlfn.MAXIFS(Forecast!$D$83:$BC$83,Forecast!$D$4:$BC$4,">="&Assumptions!$K$6+1,Forecast!$D$4:$BC$4,"<="&52) -> 0.27777778 | G20: =MAX(0,_xlfn.MAXIFS(Forecast!$D$91:$BC$91,Forecast!$D$4:$BC$4,">="&Assumptions!$K$6+1,Forecast!$D$4:$BC$4,"<="&52)) -> 0
A21: =Assumptions!A19 -> Project Designer | B21: =_xlfn.MAXIFS(Forecast!$D$84:$BC$84,Forecast!$D$4:$BC$4,">="&1,Forecast!$D$4:$BC$4,"<="&Assumptions!$K$5) -> 1.5555556 | C21: =MAX(0,_xlfn.MAXIFS(Forecast!$D$92:$BC$92,Forecast!$D$4:$BC$4,">="&1,Forecast!$D$4:$BC$4,"<="&Assumptions!$K$5)) -> 0.55555556 | D21: =_xlfn.MAXIFS(Forecast!$D$84:$BC$84,Forecast!$D$4:$BC$4,">="&Assumptions!$K$5+1,Forecast!$D$4:$BC$4,"<="&Assumptions!$K$6) -> 1.6666667 | E21: =MAX(0,_xlfn.MAXIFS(Forecast!$D$92:$BC$92,Forecast!$D$4:$BC$4,">="&Assumptions!$K$5+1,Forecast!$D$4:$BC$4,"<="&Assumptions!$K$6)) -> 0.66666667 | F21: =_xlfn.MAXIFS(Forecast!$D$84:$BC$84,Forecast!$D$4:$BC$4,">="&Assumptions!$K$6+1,Forecast!$D$4:$BC$4,"<="&52) -> 0.11111111 | G21: =MAX(0,_xlfn.MAXIFS(Forecast!$D$92:$BC$92,Forecast!$D$4:$BC$4,">="&Assumptions!$K$6+1,Forecast!$D$4:$BC$4,"<="&52)) -> 0
A22: Firm total (net FTE) | B22: =_xlfn.MAXIFS(Forecast!$D$85:$BC$85,Forecast!$D$4:$BC$4,">="&1,Forecast!$D$4:$BC$4,"<="&Assumptions!$K$5) -> 1.2033898 | C22: =MAX(0,_xlfn.MAXIFS(Forecast!$D$93:$BC$93,Forecast!$D$4:$BC$4,">="&1,Forecast!$D$4:$BC$4,"<="&Assumptions!$K$5)) -> 1.5069444 | D22: =_xlfn.MAXIFS(Forecast!$D$85:$BC$85,Forecast!$D$4:$BC$4,">="&Assumptions!$K$5+1,Forecast!$D$4:$BC$4,"<="&Assumptions!$K$6) -> 0.72881356 | E22: =MAX(0,_xlfn.MAXIFS(Forecast!$D$93:$BC$93,Forecast!$D$4:$BC$4,">="&Assumptions!$K$5+1,Forecast!$D$4:$BC$4,"<="&Assumptions!$K$6)) -> 0 | F22: =_xlfn.MAXIFS(Forecast!$D$85:$BC$85,Forecast!$D$4:$BC$4,">="&Assumptions!$K$6+1,Forecast!$D$4:$BC$4,"<="&52) -> 0.19491525 | G22: =MAX(0,_xlfn.MAXIFS(Forecast!$D$93:$BC$93,Forecast!$D$4:$BC$4,">="&Assumptions!$K$6+1,Forecast!$D$4:$BC$4,"<="&52)) -> 0
A23: Red = understaffed / hire-level shortfall; amber = excess capacity or minor shortfall. Detail by week: Timeline (heat map + phase bars) and Forecast.
A24: HIRING SIGNALS BY STAFF LEVEL
A25: Staff Level | B25: Current FTE | C25: Peak Utilization | D25: Weeks Understaffed | E25: Weeks Excess Capacity | F25: Peak FTE Short | G25: First Hire-Trigger Week | H25: Hire-By Date | I25: Recommendation
A26: =Assumptions!A15 -> Principal | B26: =Assumptions!C15 -> 2 | C26: =Forecast!C80 -> 1.5833333 | D26: =COUNTIF(Forecast!D80:BC80,">"&Assumptions!$B$8) -> 6 | E26: =COUNTIF(Forecast!D80:BC80,"<"&Assumptions!$B$9) -> 41 | F26: =MAX(0,Forecast!C88) -> 1.1666667 | G26: {=IFERROR(INDEX(Forecast!$D$5:$BC$5,MATCH(TRUE,INDEX(Forecast!D88:BC88>=Assumptions!$B$10,0),0)),"None")} -> 46300 | H26: =IF(G26="None","—",G26-7*Assumptions!$B$11) -> 46244 | I26: =IF(G26="None",IF(D26>0,"Monitor — short-term overload, no sustained hire need","No hire needed"),"Hire "&ROUNDUP(F26,0)&" FTE — "&IF(H26<=Assumptions!$B$5,"start recruiting now","recruit by "&TEXT(H26,"m/d/yy"))) -> Hire 2 FTE — start recruiting now
A27: =Assumptions!A16 -> Director | B27: =Assumptions!C16 -> 1 | C27: =Forecast!C81 -> 1.1875 | D27: =COUNTIF(Forecast!D81:BC81,">"&Assumptions!$B$8) -> 3 | E27: =COUNTIF(Forecast!D81:BC81,"<"&Assumptions!$B$9) -> 35 | F27: =MAX(0,Forecast!C89) -> 0.1875 | G27: {=IFERROR(INDEX(Forecast!$D$5:$BC$5,MATCH(TRUE,INDEX(Forecast!D89:BC89>=Assumptions!$B$10,0),0)),"None")} -> None | H27: =IF(G27="None","—",G27-7*Assumptions!$B$11) -> — | I27: =IF(G27="None",IF(D27>0,"Monitor — short-term overload, no sustained hire need","No hire needed"),"Hire "&ROUNDUP(F27,0)&" FTE — "&IF(H27<=Assumptions!$B$5,"start recruiting now","recruit by "&TEXT(H27,"m/d/yy"))) -> Monitor — short-term overload, no sustained hire need
A28: =Assumptions!A17 -> Senior Designer | B28: =Assumptions!C17 -> 1 | C28: =Forecast!C82 -> 1.4444444 | D28: =COUNTIF(Forecast!D82:BC82,">"&Assumptions!$B$8) -> 6 | E28: =COUNTIF(Forecast!D82:BC82,"<"&Assumptions!$B$9) -> 45 | F28: =MAX(0,Forecast!C90) -> 0.44444444 | G28: {=IFERROR(INDEX(Forecast!$D$5:$BC$5,MATCH(TRUE,INDEX(Forecast!D90:BC90>=Assumptions!$B$10,0),0)),"None")} -> None | H28: =IF(G28="None","—",G28-7*Assumptions!$B$11) -> — | I28: =IF(G28="None",IF(D28>0,"Monitor — short-term overload, no sustained hire need","No hire needed"),"Hire "&ROUNDUP(F28,0)&" FTE — "&IF(H28<=Assumptions!$B$5,"start recruiting now","recruit by "&TEXT(H28,"m/d/yy"))) -> Monitor — short-term overload, no sustained hire need
A29: =Assumptions!A18 -> Mid Level Designer | B29: =Assumptions!C18 -> 2 | C29: =Forecast!C83 -> 0.90277778 | D29: =COUNTIF(Forecast!D83:BC83,">"&Assumptions!$B$8) -> 0 | E29: =COUNTIF(Forecast!D83:BC83,"<"&Assumptions!$B$9) -> 44 | F29: =MAX(0,Forecast!C91) -> 0 | G29: {=IFERROR(INDEX(Forecast!$D$5:$BC$5,MATCH(TRUE,INDEX(Forecast!D91:BC91>=Assumptions!$B$10,0),0)),"None")} -> None | H29: =IF(G29="None","—",G29-7*Assumptions!$B$11) -> — | I29: =IF(G29="None",IF(D29>0,"Monitor — short-term overload, no sustained hire need","No hire needed"),"Hire "&ROUNDUP(F29,0)&" FTE — "&IF(H29<=Assumptions!$B$5,"start recruiting now","recruit by "&TEXT(H29,"m/d/yy"))) -> No hire needed
A30: =Assumptions!A19 -> Project Designer | B30: =Assumptions!C19 -> 1 | C30: =Forecast!C84 -> 1.6666667 | D30: =COUNTIF(Forecast!D84:BC84,">"&Assumptions!$B$8) -> 17 | E30: =COUNTIF(Forecast!D84:BC84,"<"&Assumptions!$B$9) -> 35 | F30: =MAX(0,Forecast!C92) -> 0.66666667 | G30: {=IFERROR(INDEX(Forecast!$D$5:$BC$5,MATCH(TRUE,INDEX(Forecast!D92:BC92>=Assumptions!$B$10,0),0)),"None")} -> 46349 | H30: =IF(G30="None","—",G30-7*Assumptions!$B$11) -> 46293 | I30: =IF(G30="None",IF(D30>0,"Monitor — short-term overload, no sustained hire need","No hire needed"),"Hire "&ROUNDUP(F30,0)&" FTE — "&IF(H30<=Assumptions!$B$5,"start recruiting now","recruit by "&TEXT(H30,"m/d/yy"))) -> Hire 1 FTE — start recruiting now
A32: Hire-by date = first week FTE shortfall reaches the hire trigger minus hiring lead time (both set on Assumptions). Utilization is demand ÷ capacity (capacity already reflects target utilization).

Sheet Assumptions
A1: Agency Artifact — Staffing & Capacity Planner: Assumptions
A2: Blue cells are inputs. Change them here and every other sheet recalculates.
H3: Add custom phases in the first empty cell under the list — they appear in the Projects dropdown automatically.
A4: FORECAST SETTINGS | H4: PHASE / MILESTONE LIST | J4: TIMELINE HORIZONS
A5: Forecast start (must be a Monday) | B5: 46300 | C5: =IF(WEEKDAY(B5,2)=1,"OK — Monday","⚠ Not a Monday — change the date") -> OK — Monday | H5: Phase | J5: Near-term: through week # | K5: 12
A6: Scenario view | B6: Active + Prospective | C6: Active only = exclude prospective projects | H6: Concept | J6: Mid-term: through week # | K6: 24
A7: Prospective weighting | B7: 1 | C7: % of prospective hours counted in the forecast when included (e.g. 50% = probability-weight) | H7: Entitlement | J7: Long-range = mid-term end to week 52. Drives Timeline shading & Dashboard outlook.
A8: Understaffed flag: utilization above | B8: 1 | C8: Weekly demand ÷ capacity above this = understaffed (red) | H8: SD
A9: Overstaffed flag: utilization below | B9: 0.6 | C9: Weekly demand ÷ capacity below this = excess capacity (amber) | H9: DD | J9: STAFF ROSTER (drives headcount)
A10: Hire trigger: FTE shortfall ≥ | B10: 0.5 | C10: Shortfall (in FTEs) that counts as a hiring need | H10: CD | J10: Initials | K10: Staff Level | L10: FTE
A11: Hiring lead time (weeks) | B11: 8 | C11: Weeks needed to recruit and onboard; used for the hire-by date | H11: Bidding | J11: PK | K11: Principal | L11: 1
H12: Permitting | J12: DF | K12: Principal | L12: 1
A13: STAFF LEVELS & CAPACITY | H13: CA | J13: KJ | K13: Director | L13: 1
A14: Staff Level | B14: Billable Rate ($/hr) | C14: Headcount (FTE) | D14: Hours / FTE / Week | E14: Target Utilization | F14: Capacity (billable hrs/wk) | H14: Master Plan | J14: HL | K14: Senior Designer | L14: 1
A15: Principal | B15: 290 | C15: =SUMIFS(tblStaff[FTE],tblStaff[Staff Level],$A15) -> 2 | D15: 40 | E15: 0.75 | F15: =C15*D15*E15 -> 60 | H15: Phase 3- Choices | J15: EHH | K15: Mid Level Designer | L15: 1
A16: Director | B16: 250 | C16: =SUMIFS(tblStaff[FTE],tblStaff[Staff Level],$A16) -> 1 | D16: 40 | E16: 0.8 | F16: =C16*D16*E16 -> 32 | H16: Phase 4- Final Master Plan | J16: KD | K16: Mid Level Designer | L16: 1
A17: Senior Designer | B17: 200 | C17: =SUMIFS(tblStaff[FTE],tblStaff[Staff Level],$A17) -> 1 | D17: 40 | E17: 0.9 | F17: =C17*D17*E17 -> 36 | H17: Phase 5- Execution Plan | J17: XX | K17: Project Designer | L17: 1
A18: Mid Level Designer | B18: 175 | C18: =SUMIFS(tblStaff[FTE],tblStaff[Staff Level],$A18) -> 2 | D18: 40 | E18: 0.9 | F18: =C18*D18*E18 -> 72 | H18: ASR 1
A19: Project Designer | B19: 135 | C19: =SUMIFS(tblStaff[FTE],tblStaff[Staff Level],$A19) -> 1 | D19: 40 | E19: 0.9 | F19: =C19*D19*E19 -> 36 | H19: ASR 2 | J19: Edit this list for hires, departures or part-time staff (FTE 0.5). Headcount above updates.
A20: Total | C20: =SUM(C15:C19) -> 7 | F20: =SUM(F15:F19) -> 236 | H20: ASR 3
A21: Capacity = Headcount × Hours per FTE × Target Utilization. Use fractional FTEs for part-time staff or planned hires/departures.
A23: LISTS (drive dropdowns)
A24: Project Status | B24: Scenario View
A25: Active | B25: Active only
A26: Prospective | B26: Active + Prospective
A27: Inactive
A28: WEEKLY UPDATE CHECKLIST
A29: 1. Projects: for each project, fill the shaded header row (No., Name, Status), then one phase row per phase — pick phase, start/end dates, fee and weekly hours per level.
A30: 2. Check that each header row's Input Check reads 'All OK'. Change a single phase's Status to Prospective if only that phase is unconfirmed.
A31: 3. Assumptions: update headcount / utilization for hires, departures or leave.
A32: 4. Assumptions: to roll the calendar forward, change the forecast start to a new Monday.
A33: 5. Review Dashboard outlook & hiring signals, and the Timeline heat map.

Sheet Projects
A1: Project & Phase Planner — weekly input sheet | G1: Total Phase Fees (excl. inactive): | H1: =SUMIFS(pjFee,pjType,"<>Project",pjStatus,"<>Inactive") -> 2591500 | I1: STAFF HOURS PER WEEK × Weeks (col G) = hours pool
A2: Each project is a shaded header row with its phases underneath (click +/- at left to collapse). Phase rows: pick the phase, enter a Start Date and EITHER Weeks or an End Date, the phase fee, and each person's hours PER WEEK. Hours/week × Weeks = that person's pool, which you then map to actual weeks on the Timeline tab. Blue = input.
A3: PROJECT & PHASE INPUTS | I3: =IFERROR(INDEX(tblStaff[Staff Level],1),"") -> Principal | J3: =IFERROR(INDEX(tblStaff[Staff Level],2),"") -> Principal | K3: =IFERROR(INDEX(tblStaff[Staff Level],3),"") -> Director | L3: =IFERROR(INDEX(tblStaff[Staff Level],4),"") -> Senior Designer | M3: =IFERROR(INDEX(tblStaff[Staff Level],5),"") -> Mid Level Designer | N3: =IFERROR(INDEX(tblStaff[Staff Level],6),"") -> Mid Level Designer | O3: =IFERROR(INDEX(tblStaff[Staff Level],7),"") -> Project Designer | P3: CALCULATED — HOURS, MAPPING & ECONOMICS (do not overwrite)
A4: Project No. | B4: Project Name | C4: Phase / Milestone | D4: Status | E4: Start Date | F4: End Date | G4: Weeks | H4: Phase Fee ($) | I4: =IFERROR(INDEX(tblStaff[Initials],1),"") -> PK | J4: =IFERROR(INDEX(tblStaff[Initials],2),"") -> DF | K4: =IFERROR(INDEX(tblStaff[Initials],3),"") -> KJ | L4: =IFERROR(INDEX(tblStaff[Initials],4),"") -> HL | M4: =IFERROR(INDEX(tblStaff[Initials],5),"") -> EHH | N4: =IFERROR(INDEX(tblStaff[Initials],6),"") -> KD | O4: =IFERROR(INDEX(tblStaff[Initials],7),"") -> XX | P4: Total Hours Pool (hrs/wk × weeks) | Q4: Hours Mapped (Timeline) | R4: Left to Map | S4: =Assumptions!A15&" Pool Hrs" -> Principal Pool Hrs | T4: =Assumptions!A16&" Pool Hrs" -> Director Pool Hrs | U4: =Assumptions!A17&" Pool Hrs" -> Senior Designer Pool Hrs | V4: =Assumptions!A18&" Pool Hrs" -> Mid Level Designer Pool Hrs | W4: =Assumptions!A19&" Pool Hrs" -> Project Designer Pool Hrs | X4: Projected Cost ($) | Y4: Fee vs Cost ($) | Z4: % of Fee Used | AA4: Scenario Weight | AB4: Input Check | AC4: Row Type | AD4: Weeks (num)
A5: 2256 | B5: Marigold Promenade | C5: Project total | D5: Active | E5: =IF(COUNT(E6:E6)=0,"",MIN(E6:E6)) -> 46478 | F5: =IF(COUNT(F6:F6)=0,"",MAX(F6:F6)) -> 46665 | H5: =SUM(H6:H6) -> 43500 | P5: =SUM(P6:P6) -> 81 | Q5: =SUM(Q6:Q6) -> 80 | R5: =P5-Q5 -> 1 | S5: =SUM(S6:S6) -> 27 | T5: =SUM(T6:T6) -> 54 | U5: =SUM(U6:U6) -> 0 | V5: =SUM(V6:V6) -> 0 | W5: =SUM(W6:W6) -> 0 | X5: =SUM(X6:X6) -> 21330 | Y5: =H5-X5 -> 22170 | Z5: =IF(H5=0,"",X5/H5) -> 0.49034483 | AB5: =IF(COUNTIF(AB6:AB6,"?*")=0,"No phases yet",IF(COUNTIF(AB6:AB6,"OK")=COUNTIF(AB6:AB6,"?*"),"All OK",(COUNTIF(AB6:AB6,"?*")-COUNTIF(AB6:AB6,"OK"))&" to fix")) -> 1 to fix | AC5: Project | AD5: =IF(AC5="Phase",N(G5),0) -> 0
A6: =IF(A5="","",A5) -> 2256 | B6: =IF(B5="","",B5) -> Marigold Promenade | C6: CA | D6: =IF(COUNTA(C6,E6,H6,I6:O6)=0,"",IF(D5="","",D5)) -> Active | E6: 46478 | F6: 46665 | G6: =IF(OR(E6="",F6=""),"",IF(F6<E6,"",ROUNDUP((F6-E6+1)/7,0))) -> 27 | H6: 43500 | I6: 1 | K6: 2 | P6: =SUM(I6:O6)*N(G6) -> 81 | Q6: {=IF(OR(A6="",E6="",F6=""),0,SUMPRODUCT((tlNo=A6)*(Timeline!$H$18:$BG$18+6>=E6)*(Timeline!$H$18:$BG$18<=F6)*Timeline!$H$20:$BG$378))} -> 80 | R6: =P6-Q6 -> 1 | S6: =SUMIF($I$3:$O$3,Assumptions!$A$15,$I6:$O6)*N($G6) -> 27 | T6: =SUMIF($I$3:$O$3,Assumptions!$A$16,$I6:$O6)*N($G6) -> 54 | U6: =SUMIF($I$3:$O$3,Assumptions!$A$17,$I6:$O6)*N($G6) -> 0 | V6: =SUMIF($I$3:$O$3,Assumptions!$A$18,$I6:$O6)*N($G6) -> 0 | W6: =SUMIF($I$3:$O$3,Assumptions!$A$19,$I6:$O6)*N($G6) -> 0 | X6: =S6*Assumptions!$B$15+T6*Assumptions!$B$16+U6*Assumptions!$B$17+V6*Assumptions!$B$18+W6*Assumptions!$B$19 -> 21330 | Y6: =IF(D6="","",H6-X6) -> 22170 | Z6: =IF(OR(D6="",H6=0),"",X6/H6) -> 0.49034483 | AA6: =IF(D6="Active",1,IF(D6="Prospective",IF(Assumptions!$B$6="Active only",0,Assumptions!$B$7),0)) -> 1 | AB6: =IF(COUNTA(C6,E6,H6,I6:O6)=0,"",IF(C6="","Select phase",IF(OR(E6="",F6=""),"Enter dates",IF(F6<E6,"End before start",IF(H6="","Enter phase fee",IF(P6=0,"Enter staff hours",IF(R6<0,"Over-mapped on Timeline",IF(R6>0,"Map hours on Timeline","OK")))))))) -> Map hours on Timeline | AC6: Phase | AD6: =IF(AC6="Phase",N(G6),0) -> 27
A7: 2348 | B7: Fairhaven Senior Housing | C7: Project total | D7: Inactive | E7: =IF(COUNT(E8:E15)=0,"",MIN(E8:E15)) | F7: =IF(COUNT(F8:F15)=0,"",MAX(F8:F15)) | H7: =SUM(H8:H15) -> 0 | P7: =SUM(P8:P15) -> 0 | Q7: =SUM(Q8:Q15) -> 0 | R7: =P7-Q7 -> 0 | S7: =SUM(S8:S15) -> 0 | T7: =SUM(T8:T15) -> 0 | U7: =SUM(U8:U15) -> 0 | V7: =SUM(V8:V15) -> 0 | W7: =SUM(W8:W15) -> 0 | X7: =SUM(X8:X15) -> 0 | Y7: =H7-X7 -> 0 | Z7: =IF(H7=0,"",X7/H7) | AB7: =IF(COUNTIF(AB8:AB15,"?*")=0,"No phases yet",IF(COUNTIF(AB8:AB15,"OK")=COUNTIF(AB8:AB15,"?*"),"All OK",(COUNTIF(AB8:AB15,"?*")-COUNTIF(AB8:AB15,"OK"))&" to fix")) -> No phases yet | AC7: Project | AD7: =IF(AC7="Phase",N(G7),0) -> 0
A8: =IF(A7="","",A7) -> 2348 | B8: =IF(B7="","",B7) -> Fairhaven Senior Housing | D8: =IF(COUNTA(C8,E8,H8,I8:O8)=0,"",IF(D7="","",D7)) | F8: =IF(_xlfn.ISFORMULA(G8),"",IF(AND(E8<>"",N(G8)>0),E8+7*G8-1,"")) | G8: =IF(OR(E8="",F8=""),"",IF(F8<E8,"",ROUNDUP((F8-E8+1)/7,0))) | P8: =SUM(I8:O8)*N(G8) -> 0 | Q8: {=IF(OR(A8="",E8="",F8=""),0,SUMPRODUCT((tlNo=A8)*(Timeline!$H$18:$BG$18+6>=E8)*(Timeline!$H$18:$BG$18<=F8)*Timeline!$H$20:$BG$378))} -> 0 | R8: =P8-Q8 -> 0 | S8: =SUMIF($I$3:$O$3,Assumptions!$A$15,$I8:$O8)*N($G8) -> 0 | T8: =SUMIF($I$3:$O$3,Assumptions!$A$16,$I8:$O8)*N($G8) -> 0 | U8: =SUMIF($I$3:$O$3,Assumptions!$A$17,$I8:$O8)*N($G8) -> 0 | V8: =SUMIF($I$3:$O$3,Assumptions!$A$18,$I8:$O8)*N($G8) -> 0 | W8: =SUMIF($I$3:$O$3,Assumptions!$A$19,$I8:$O8)*N($G8) -> 0 | X8: =S8*Assumptions!$B$15+T8*Assumptions!$B$16+U8*Assumptions!$B$17+V8*Assumptions!$B$18+W8*Assumptions!$B$19 -> 0 | Y8: =IF(D8="","",H8-X8) | Z8: =IF(OR(D8="",H8=0),"",X8/H8) | AA8: =IF(D8="Active",1,IF(D8="Prospective",IF(Assumptions!$B$6="Active only",0,Assumptions!$B$7),0)) -> 0 | AB8: =IF(COUNTA(C8,E8,H8,I8:O8)=0,"",IF(C8="","Select phase",IF(OR(E8="",F8=""),"Enter dates",IF(F8<E8,"End before start",IF(H8="","Enter phase fee",IF(P8=0,"Enter staff hours",IF(R8<0,"Over-mapped on Timeline",IF(R8>0,"Map hours on Timeline","OK")))))))) | AC8: Phase | AD8: =IF(AC8="Phase",N(G8),0) -> 0
A9: =IF(A7="","",A7) -> 2348 | B9: =IF(B7="","",B7) -> Fairhaven Senior Housing | D9: =IF(COUNTA(C9,E9,H9,I9:O9)=0,"",IF(D7="","",D7)) | F9: =IF(_xlfn.ISFORMULA(G9),"",IF(AND(E9<>"",N(G9)>0),E9+7*G9-1,"")) | G9: =IF(OR(E9="",F9=""),"",IF(F9<E9,"",ROUNDUP((F9-E9+1)/7,0))) | P9: =SUM(I9:O9)*N(G9) -> 0 | Q9: {=IF(OR(A9="",E9="",F9=""),0,SUMPRODUCT((tlNo=A9)*(Timeline!$H$18:$BG$18+6>=E9)*(Timeline!$H$18:$BG$18<=F9)*Timeline!$H$20:$BG$378))} -> 0 | R9: =P9-Q9 -> 0 | S9: =SUMIF($I$3:$O$3,Assumptions!$A$15,$I9:$O9)*N($G9) -> 0 | T9: =SUMIF($I$3:$O$3,Assumptions!$A$16,$I9:$O9)*N($G9) -> 0 | U9: =SUMIF($I$3:$O$3,Assumptions!$A$17,$I9:$O9)*N($G9) -> 0 | V9: =SUMIF($I$3:$O$3,Assumptions!$A$18,$I9:$O9)*N($G9) -> 0 | W9: =SUMIF($I$3:$O$3,Assumptions!$A$19,$I9:$O9)*N($G9) -> 0 | X9: =S9*Assumptions!$B$15+T9*Assumptions!$B$16+U9*Assumptions!$B$17+V9*Assumptions!$B$18+W9*Assumptions!$B$19 -> 0 | Y9: =IF(D9="","",H9-X9) | Z9: =IF(OR(D9="",H9=0),"",X9/H9) | AA9: =IF(D9="Active",1,IF(D9="Prospective",IF(Assumptions!$B$6="Active only",0,Assumptions!$B$7),0)) -> 0 | AB9: =IF(COUNTA(C9,E9,H9,I9:O9)=0,"",IF(C9="","Select phase",IF(OR(E9="",F9=""),"Enter dates",IF(F9<E9,"End before start",IF(H9="","Enter phase fee",IF(P9=0,"Enter staff hours",IF(R9<0,"Over-mapped on Timeline",IF(R9>0,"Map hours on Timeline","OK")))))))) | AC9: Phase | AD9: =IF(AC9="Phase",N(G9),0) -> 0
A10: =IF(A7="","",A7) -> 2348 | B10: =IF(B7="","",B7) -> Fairhaven Senior Housing | D10: =IF(COUNTA(C10,E10,H10,I10:O10)=0,"",IF(D7="","",D7)) | F10: =IF(_xlfn.ISFORMULA(G10),"",IF(AND(E10<>"",N(G10)>0),E10+7*G10-1,"")) | G10: =IF(OR(E10="",F10=""),"",IF(F10<E10,"",ROUNDUP((F10-E10+1)/7,0))) | P10: =SUM(I10:O10)*N(G10) -> 0 | Q10: {=IF(OR(A10="",E10="",F10=""),0,SUMPRODUCT((tlNo=A10)*(Timeline!$H$18:$BG$18+6>=E10)*(Timeline!$H$18:$BG$18<=F10)*Timeline!$H$20:$BG$378))} -> 0 | R10: =P10-Q10 -> 0 | S10: =SUMIF($I$3:$O$3,Assumptions!$A$15,$I10:$O10)*N($G10) -> 0 | T10: =SUMIF($I$3:$O$3,Assumptions!$A$16,$I10:$O10)*N($G10) -> 0 | U10: =SUMIF($I$3:$O$3,Assumptions!$A$17,$I10:$O10)*N($G10) -> 0 | V10: =SUMIF($I$3:$O$3,Assumptions!$A$18,$I10:$O10)*N($G10) -> 0 | W10: =SUMIF($I$3:$O$3,Assumptions!$A$19,$I10:$O10)*N($G10) -> 0 | X10: =S10*Assumptions!$B$15+T10*Assumptions!$B$16+U10*Assumptions!$B$17+V10*Assumptions!$B$18+W10*Assumptions!$B$19 -> 0 | Y10: =IF(D10="","",H10-X10) | Z10: =IF(OR(D10="",H10=0),"",X10/H10) | AA10: =IF(D10="Active",1,IF(D10="Prospective",IF(Assumptions!$B$6="Active only",0,Assumptions!$B$7),0)) -> 0 | AB10: =IF(COUNTA(C10,E10,H10,I10:O10)=0,"",IF(C10="","Select phase",IF(OR(E10="",F10=""),"Enter dates",IF(F10<E10,"End before start",IF(H10="","Enter phase fee",IF(P10=0,"Enter staff hours",IF(R10<0,"Over-mapped on Timeline",IF(R10>0,"Map hours on Timeline","OK")))))))) | AC10: Phase | AD10: =IF(AC10="Phase",N(G10),0) -> 0
A11: =IF(A7="","",A7) -> 2348 | B11: =IF(B7="","",B7) -> Fairhaven Senior Housing | D11: =IF(COUNTA(C11,E11,H11,I11:O11)=0,"",IF(D7="","",D7)) | F11: =IF(_xlfn.ISFORMULA(G11),"",IF(AND(E11<>"",N(G11)>0),E11+7*G11-1,"")) | G11: =IF(OR(E11="",F11=""),"",IF(F11<E11,"",ROUNDUP((F11-E11+1)/7,0))) | P11: =SUM(I11:O11)*N(G11) -> 0 | Q11: {=IF(OR(A11="",E11="",F11=""),0,SUMPRODUCT((tlNo=A11)*(Timeline!$H$18:$BG$18+6>=E11)*(Timeline!$H$18:$BG$18<=F11)*Timeline!$H$20:$BG$378))} -> 0 | R11: =P11-Q11 -> 0 | S11: =SUMIF($I$3:$O$3,Assumptions!$A$15,$I11:$O11)*N($G11) -> 0 | T11: =SUMIF($I$3:$O$3,Assumptions!$A$16,$I11:$O11)*N($G11) -> 0 | U11: =SUMIF($I$3:$O$3,Assumptions!$A$17,$I11:$O11)*N($G11) -> 0 | V11: =SUMIF($I$3:$O$3,Assumptions!$A$18,$I11:$O11)*N($G11) -> 0 | W11: =SUMIF($I$3:$O$3,Assumptions!$A$19,$I11:$O11)*N($G11) -> 0 | X11: =S11*Assumptions!$B$15+T11*Assumptions!$B$16+U11*Assumptions!$B$17+V11*Assumptions!$B$18+W11*Assumptions!$B$19 -> 0 | Y11: =IF(D11="","",H11-X11) | Z11: =IF(OR(D11="",H11=0),"",X11/H11) | AA11: =IF(D11="Active",1,IF(D11="Prospective",IF(Assumptions!$B$6="Active only",0,Assumptions!$B$7),0)) -> 0 | AB11: =IF(COUNTA(C11,E11,H11,I11:O11)=0,"",IF(C11="","Select phase",IF(OR(E11="",F11=""),"Enter dates",IF(F11<E11,"End before start",IF(H11="","Enter phase fee",IF(P11=0,"Enter staff hours",IF(R11<0,"Over-mapped on Timeline",IF(R11>0,"Map hours on Timeline","OK")))))))) | AC11: Phase | AD11: =IF(AC11="Phase",N(G11),0) -> 0
A12: =IF(A7="","",A7) -> 2348 | B12: =IF(B7="","",B7) -> Fairhaven Senior Housing | D12: =IF(COUNTA(C12,E12,H12,I12:O12)=0,"",IF(D7="","",D7)) | F12: =IF(_xlfn.ISFORMULA(G12),"",IF(AND(E12<>"",N(G12)>0),E12+7*G12-1,"")) | G12: =IF(OR(E12="",F12=""),"",IF(F12<E12,"",ROUNDUP((F12-E12+1)/7,0))) | P12: =SUM(I12:O12)*N(G12) -> 0 | Q12: {=IF(OR(A12="",E12="",F12=""),0,SUMPRODUCT((tlNo=A12)*(Timeline!$H$18:$BG$18+6>=E12)*(Timeline!$H$18:$BG$18<=F12)*Timeline!$H$20:$BG$378))} -> 0 | R12: =P12-Q12 -> 0 | S12: =SUMIF($I$3:$O$3,Assumptions!$A$15,$I12:$O12)*N($G12) -> 0 | T12: =SUMIF($I$3:$O$3,Assumptions!$A$16,$I12:$O12)*N($G12) -> 0 | U12: =SUMIF($I$3:$O$3,Assumptions!$A$17,$I12:$O12)*N($G12) -> 0 | V12: =SUMIF($I$3:$O$3,Assumptions!$A$18,$I12:$O12)*N($G12) -> 0 | W12: =SUMIF($I$3:$O$3,Assumptions!$A$19,$I12:$O12)*N($G12) -> 0 | X12: =S12*Assumptions!$B$15+T12*Assumptions!$B$16+U12*Assumptions!$B$17+V12*Assumptions!$B$18+W12*Assumptions!$B$19 -> 0 | Y12: =IF(D12="","",H12-X12) | Z12: =IF(OR(D12="",H12=0),"",X12/H12) | AA12: =IF(D12="Active",1,IF(D12="Prospective",IF(Assumptions!$B$6="Active only",0,Assumptions!$B$7),0)) -> 0 | AB12: =IF(COUNTA(C12,E12,H12,I12:O12)=0,"",IF(C12="","Select phase",IF(OR(E12="",F12=""),"Enter dates",IF(F12<E12,"End before start",IF(H12="","Enter phase fee",IF(P12=0,"Enter staff hours",IF(R12<0,"Over-mapped on Timeline",IF(R12>0,"Map hours on Timeline","OK")))))))) | AC12: Phase | AD12: =IF(AC12="Phase",N(G12),0) -> 0
A13: =IF(A7="","",A7) -> 2348 | B13: =IF(B7="","",B7) -> Fairhaven Senior Housing | D13: =IF(COUNTA(C13,E13,H13,I13:O13)=0,"",IF(D7="","",D7)) | F13: =IF(_xlfn.ISFORMULA(G13),"",IF(AND(E13<>"",N(G13)>0),E13+7*G13-1,"")) | G13: =IF(OR(E13="",F13=""),"",IF(F13<E13,"",ROUNDUP((F13-E13+1)/7,0))) | P13: =SUM(I13:O13)*N(G13) -> 0 | Q13: {=IF(OR(A13="",E13="",F13=""),0,SUMPRODUCT((tlNo=A13)*(Timeline!$H$18:$BG$18+6>=E13)*(Timeline!$H$18:$BG$18<=F13)*Timeline!$H$20:$BG$378))} -> 0 | R13: =P13-Q13 -> 0 | S13: =SUMIF($I$3:$O$3,Assumptions!$A$15,$I13:$O13)*N($G13) -> 0 | T13: =SUMIF($I$3:$O$3,Assumptions!$A$16,$I13:$O13)*N($G13) -> 0 | U13: =SUMIF($I$3:$O$3,Assumptions!$A$17,$I13:$O13)*N($G13) -> 0 | V13: =SUMIF($I$3:$O$3,Assumptions!$A$18,$I13:$O13)*N($G13) -> 0 | W13: =SUMIF($I$3:$O$3,Assumptions!$A$19,$I13:$O13)*N($G13) -> 0 | X13: =S13*Assumptions!$B$15+T13*Assumptions!$B$16+U13*Assumptions!$B$17+V13*Assumptions!$B$18+W13*Assumptions!$B$19 -> 0 | Y13: =IF(D13="","",H13-X13) | Z13: =IF(OR(D13="",H13=0),"",X13/H13) | AA13: =IF(D13="Active",1,IF(D13="Prospective",IF(Assumptions!$B$6="Active only",0,Assumptions!$B$7),0)) -> 0 | AB13: =IF(COUNTA(C13,E13,H13,I13:O13)=0,"",IF(C13="","Select phase",IF(OR(E13="",F13=""),"Enter dates",IF(F13<E13,"End before start",IF(H13="","Enter phase fee",IF(P13=0,"Enter staff hours",IF(R13<0,"Over-mapped on Timeline",IF(R13>0,"Map hours on Timeline","OK")))))))) | AC13: Phase | AD13: =IF(AC13="Phase",N(G13),0) -> 0
A14: =IF(A7="","",A7) -> 2348 | B14: =IF(B7="","",B7) -> Fairhaven Senior Housing | D14: =IF(COUNTA(C14,E14,H14,I14:O14)=0,"",IF(D7="","",D7)) | F14: =IF(_xlfn.ISFORMULA(G14),"",IF(AND(E14<>"",N(G14)>0),E14+7*G14-1,"")) | G14: =IF(OR(E14="",F14=""),"",IF(F14<E14,"",ROUNDUP((F14-E14+1)/7,0))) | P14: =SUM(I14:O14)*N(G14) -> 0 | Q14: {=IF(OR(A14="",E14="",F14=""),0,SUMPRODUCT((tlNo=A14)*(Timeline!$H$18:$BG$18+6>=E14)*(Timeline!$H$18:$BG$18<=F14)*Timeline!$H$20:$BG$378))} -> 0 | R14: =P14-Q14 -> 0 | S14: =SUMIF($I$3:$O$3,Assumptions!$A$15,$I14:$O14)*N($G14) -> 0 | T14: =SUMIF($I$3:$O$3,Assumptions!$A$16,$I14:$O14)*N($G14) -> 0 | U14: =SUMIF($I$3:$O$3,Assumptions!$A$17,$I14:$O14)*N($G14) -> 0 | V14: =SUMIF($I$3:$O$3,Assumptions!$A$18,$I14:$O14)*N($G14) -> 0 | W14: =SUMIF($I$3:$O$3,Assumptions!$A$19,$I14:$O14)*N($G14) -> 0 | X14: =S14*Assumptions!$B$15+T14*Assumptions!$B$16+U14*Assumptions!$B$17+V14*Assumptions!$B$18+W14*Assumptions!$B$19 -> 0 | Y14: =IF(D14="","",H14-X14) | Z14: =IF(OR(D14="",H14=0),"",X14/H14) | AA14: =IF(D14="Active",1,IF(D14="Prospective",IF(Assumptions!$B$6="Active only",0,Assumptions!$B$7),0)) -> 0 | AB14: =IF(COUNTA(C14,E14,H14,I14:O14)=0,"",IF(C14="","Select phase",IF(OR(E14="",F14=""),"Enter dates",IF(F14<E14,"End before start",IF(H14="","Enter phase fee",IF(P14=0,"Enter staff hours",IF(R14<0,"Over-mapped on Timeline",IF(R14>0,"Map hours on Timeline","OK")))))))) | AC14: Phase | AD14: =IF(AC14="Phase",N(G14),0) -> 0
A15: =IF(A7="","",A7) -> 2348 | B15: =IF(B7="","",B7) -> Fairhaven Senior Housing | D15: =IF(COUNTA(C15,E15,H15,I15:O15)=0,"",IF(D7="","",D7)) | F15: =IF(_xlfn.ISFORMULA(G15),"",IF(AND(E15<>"",N(G15)>0),E15+7*G15-1,"")) | G15: =IF(OR(E15="",F15=""),"",IF(F15<E15,"",ROUNDUP((F15-E15+1)/7,0))) | P15: =SUM(I15:O15)*N(G15) -> 0 | Q15: {=IF(OR(A15="",E15="",F15=""),0,SUMPRODUCT((tlNo=A15)*(Timeline!$H$18:$BG$18+6>=E15)*(Timeline!$H$18:$BG$18<=F15)*Timeline!$H$20:$BG$378))} -> 0 | R15: =P15-Q15 -> 0 | S15: =SUMIF($I$3:$O$3,Assumptions!$A$15,$I15:$O15)*N($G15) -> 0 | T15: =SUMIF($I$3:$O$3,Assumptions!$A$16,$I15:$O15)*N($G15) -> 0 | U15: =SUMIF($I$3:$O$3,Assumptions!$A$17,$I15:$O15)*N($G15) -> 0 | V15: =SUMIF($I$3:$O$3,Assumptions!$A$18,$I15:$O15)*N($G15) -> 0 | W15: =SUMIF($I$3:$O$3,Assumptions!$A$19,$I15:$O15)*N($G15) -> 0 | X15: =S15*Assumptions!$B$15+T15*Assumptions!$B$16+U15*Assumptions!$B$17+V15*Assumptions!$B$18+W15*Assumptions!$B$19 -> 0 | Y15: =IF(D15="","",H15-X15) | Z15: =IF(OR(D15="",H15=0),"",X15/H15) | AA15: =IF(D15="Active",1,IF(D15="Prospective",IF(Assumptions!$B$6="Active only",0,Assumptions!$B$7),0)) -> 0 | AB15: =IF(COUNTA(C15,E15,H15,I15:O15)=0,"",IF(C15="","Select phase",IF(OR(E15="",F15=""),"Enter dates",IF(F15<E15,"End before start",IF(H15="","Enter phase fee",IF(P15=0,"Enter staff hours",IF(R15<0,"Over-mapped on Timeline",IF(R15>0,"Map hours on Timeline","OK")))))))) | AC15: Phase | AD15: =IF(AC15="Phase",N(G15),0) -> 0
A16: 2370 | B16: Tamarack Housing | C16: Project total | D16: Inactive | E16: =IF(COUNT(E17:E24)=0,"",MIN(E17:E24)) | F16: =IF(COUNT(F17:F24)=0,"",MAX(F17:F24)) | H16: =SUM(H17:H24) -> 0 | P16: =SUM(P17:P24) -> 0 | Q16: =SUM(Q17:Q24) -> 0 | R16: =P16-Q16 -> 0 | S16: =SUM(S17:S24) -> 0 | T16: =SUM(T17:T24) -> 0 | U16: =SUM(U17:U24) -> 0 | V16: =SUM(V17:V24) -> 0 | W16: =SUM(W17:W24) -> 0 | X16: =SUM(X17:X24) -> 0 | Y16: =H16-X16 -> 0 | Z16: =IF(H16=0,"",X16/H16) | AB16: =IF(COUNTIF(AB17:AB24,"?*")=0,"No phases yet",IF(COUNTIF(AB17:AB24,"OK")=COUNTIF(AB17:AB24,"?*"),"All OK",(COUNTIF(AB17:AB24,"?*")-COUNTIF(AB17:AB24,"OK"))&" to fix")) -> No phases yet | AC16: Project | AD16: =IF(AC16="Phase",N(G16),0) -> 0
A17: =IF(A16="","",A16) -> 2370 | B17: =IF(B16="","",B16) -> Tamarack Housing | D17: =IF(COUNTA(C17,E17,H17,I17:O17)=0,"",IF(D16="","",D16)) | F17: =IF(_xlfn.ISFORMULA(G17),"",IF(AND(E17<>"",N(G17)>0),E17+7*G17-1,"")) | G17: =IF(OR(E17="",F17=""),"",IF(F17<E17,"",ROUNDUP((F17-E17+1)/7,0))) | P17: =SUM(I17:O17)*N(G17) -> 0 | Q17: {=IF(OR(A17="",E17="",F17=""),0,SUMPRODUCT((tlNo=A17)*(Timeline!$H$18:$BG$18+6>=E17)*(Timeline!$H$18:$BG$18<=F17)*Timeline!$H$20:$BG$378))} -> 0 | R17: =P17-Q17 -> 0 | S17: =SUMIF($I$3:$O$3,Assumptions!$A$15,$I17:$O17)*N($G17) -> 0 | T17: =SUMIF($I$3:$O$3,Assumptions!$A$16,$I17:$O17)*N($G17) -> 0 | U17: =SUMIF($I$3:$O$3,Assumptions!$A$17,$I17:$O17)*N($G17) -> 0 | V17: =SUMIF($I$3:$O$3,Assumptions!$A$18,$I17:$O17)*N($G17) -> 0 | W17: =SUMIF($I$3:$O$3,Assumptions!$A$19,$I17:$O17)*N($G17) -> 0 | X17: =S17*Assumptions!$B$15+T17*Assumptions!$B$16+U17*Assumptions!$B$17+V17*Assumptions!$B$18+W17*Assumptions!$B$19 -> 0 | Y17: =IF(D17="","",H17-X17) | Z17: =IF(OR(D17="",H17=0),"",X17/H17) | AA17: =IF(D17="Active",1,IF(D17="Prospective",IF(Assumptions!$B$6="Active only",0,Assumptions!$B$7),0)) -> 0 | AB17: =IF(COUNTA(C17,E17,H17,I17:O17)=0,"",IF(C17="","Select phase",IF(OR(E17="",F17=""),"Enter dates",IF(F17<E17,"End before start",IF(H17="","Enter phase fee",IF(P17=0,"Enter staff hours",IF(R17<0,"Over-mapped on Timeline",IF(R17>0,"Map hours on Timeline","OK")))))))) | AC17: Phase | AD17: =IF(AC17="Phase",N(G17),0) -> 0
A18: =IF(A16="","",A16) -> 2370 | B18: =IF(B16="","",B16) -> Tamarack Housing | D18: =IF(COUNTA(C18,E18,H18,I18:O18)=0,"",IF(D16="","",D16)) | F18: =IF(_xlfn.ISFORMULA(G18),"",IF(AND(E18<>"",N(G18)>0),E18+7*G18-1,"")) | G18: =IF(OR(E18="",F18=""),"",IF(F18<E18,"",ROUNDUP((F18-E18+1)/7,0))) | P18: =SUM(I18:O18)*N(G18) -> 0 | Q18: {=IF(OR(A18="",E18="",F18=""),0,SUMPRODUCT((tlNo=A18)*(Timeline!$H$18:$BG$18+6>=E18)*(Timeline!$H$18:$BG$18<=F18)*Timeline!$H$20:$BG$378))} -> 0 | R18: =P18-Q18 -> 0 | S18: =SUMIF($I$3:$O$3,Assumptions!$A$15,$I18:$O18)*N($G18) -> 0 | T18: =SUMIF($I$3:$O$3,Assumptions!$A$16,$I18:$O18)*N($G18) -> 0 | U18: =SUMIF($I$3:$O$3,Assumptions!$A$17,$I18:$O18)*N($G18) -> 0 | V18: =SUMIF($I$3:$O$3,Assumptions!$A$18,$I18:$O18)*N($G18) -> 0 | W18: =SUMIF($I$3:$O$3,Assumptions!$A$19,$I18:$O18)*N($G18) -> 0 | X18: =S18*Assumptions!$B$15+T18*Assumptions!$B$16+U18*Assumptions!$B$17+V18*Assumptions!$B$18+W18*Assumptions!$B$19 -> 0 | Y18: =IF(D18="","",H18-X18) | Z18: =IF(OR(D18="",H18=0),"",X18/H18) | AA18: =IF(D18="Active",1,IF(D18="Prospective",IF(Assumptions!$B$6="Active only",0,Assumptions!$B$7),0)) -> 0 | AB18: =IF(COUNTA(C18,E18,H18,I18:O18)=0,"",IF(C18="","Select phase",IF(OR(E18="",F18=""),"Enter dates",IF(F18<E18,"End before start",IF(H18="","Enter phase fee",IF(P18=0,"Enter staff hours",IF(R18<0,"Over-mapped on Timeline",IF(R18>0,"Map hours on Timeline","OK")))))))) | AC18: Phase | AD18: =IF(AC18="Phase",N(G18),0) -> 0
A19: =IF(A16="","",A16) -> 2370 | B19: =IF(B16="","",B16) -> Tamarack Housing | D19: =IF(COUNTA(C19,E19,H19,I19:O19)=0,"",IF(D16="","",D16)) | F19: =IF(_xlfn.ISFORMULA(G19),"",IF(AND(E19<>"",N(G19)>0),E19+7*G19-1,"")) | G19: =IF(OR(E19="",F19=""),"",IF(F19<E19,"",ROUNDUP((F19-E19+1)/7,0))) | P19: =SUM(I19:O19)*N(G19) -> 0 | Q19: {=IF(OR(A19="",E19="",F19=""),0,SUMPRODUCT((tlNo=A19)*(Timeline!$H$18:$BG$18+6>=E19)*(Timeline!$H$18:$BG$18<=F19)*Timeline!$H$20:$BG$378))} -> 0 | R19: =P19-Q19 -> 0 | S19: =SUMIF($I$3:$O$3,Assumptions!$A$15,$I19:$O19)*N($G19) -> 0 | T19: =SUMIF($I$3:$O$3,Assumptions!$A$16,$I19:$O19)*N($G19) -> 0 | U19: =SUMIF($I$3:$O$3,Assumptions!$A$17,$I19:$O19)*N($G19) -> 0 | V19: =SUMIF($I$3:$O$3,Assumptions!$A$18,$I19:$O19)*N($G19) -> 0 | W19: =SUMIF($I$3:$O$3,Assumptions!$A$19,$I19:$O19)*N($G19) -> 0 | X19: =S19*Assumptions!$B$15+T19*Assumptions!$B$16+U19*Assumptions!$B$17+V19*Assumptions!$B$18+W19*Assumptions!$B$19 -> 0 | Y19: =IF(D19="","",H19-X19) | Z19: =IF(OR(D19="",H19=0),"",X19/H19) | AA19: =IF(D19="Active",1,IF(D19="Prospective",IF(Assumptions!$B$6="Active only",0,Assumptions!$B$7),0)) -> 0 | AB19: =IF(COUNTA(C19,E19,H19,I19:O19)=0,"",IF(C19="","Select phase",IF(OR(E19="",F19=""),"Enter dates",IF(F19<E19,"End before start",IF(H19="","Enter phase fee",IF(P19=0,"Enter staff hours",IF(R19<0,"Over-mapped on Timeline",IF(R19>0,"Map hours on Timeline","OK")))))))) | AC19: Phase | AD19: =IF(AC19="Phase",N(G19),0) -> 0
A20: =IF(A16="","",A16) -> 2370 | B20: =IF(B16="","",B16) -> Tamarack Housing | D20: =IF(COUNTA(C20,E20,H20,I20:O20)=0,"",IF(D16="","",D16)) | F20: =IF(_xlfn.ISFORMULA(G20),"",IF(AND(E20<>"",N(G20)>0),E20+7*G20-1,"")) | G20: =IF(OR(E20="",F20=""),"",IF(F20<E20,"",ROUNDUP((F20-E20+1)/7,0))) | P20: =SUM(I20:O20)*N(G20) -> 0 | Q20: {=IF(OR(A20="",E20="",F20=""),0,SUMPRODUCT((tlNo=A20)*(Timeline!$H$18:$BG$18+6>=E20)*(Timeline!$H$18:$BG$18<=F20)*Timeline!$H$20:$BG$378))} -> 0 | R20: =P20-Q20 -> 0 | S20: =SUMIF($I$3:$O$3,Assumptions!$A$15,$I20:$O20)*N($G20) -> 0 | T20: =SUMIF($I$3:$O$3,Assumptions!$A$16,$I20:$O20)*N($G20) -> 0 | U20: =SUMIF($I$3:$O$3,Assumptions!$A$17,$I20:$O20)*N($G20) -> 0 | V20: =SUMIF($I$3:$O$3,Assumptions!$A$18,$I20:$O20)*N($G20) -> 0 | W20: =SUMIF($I$3:$O$3,Assumptions!$A$19,$I20:$O20)*N($G20) -> 0 | X20: =S20*Assumptions!$B$15+T20*Assumptions!$B$16+U20*Assumptions!$B$17+V20*Assumptions!$B$18+W20*Assumptions!$B$19 -> 0 | Y20: =IF(D20="","",H20-X20) | Z20: =IF(OR(D20="",H20=0),"",X20/H20) | AA20: =IF(D20="Active",1,IF(D20="Prospective",IF(Assumptions!$B$6="Active only",0,Assumptions!$B$7),0)) -> 0 | AB20: =IF(COUNTA(C20,E20,H20,I20:O20)=0,"",IF(C20="","Select phase",IF(OR(E20="",F20=""),"Enter dates",IF(F20<E20,"End before start",IF(H20="","Enter phase fee",IF(P20=0,"Enter staff hours",IF(R20<0,"Over-mapped on Timeline",IF(R20>0,"Map hours on Timeline","OK")))))))) | AC20: Phase | AD20: =IF(AC20="Phase",N(G20),0) -> 0
A21: =IF(A16="","",A16) -> 2370 | B21: =IF(B16="","",B16) -> Tamarack Housing | D21: =IF(COUNTA(C21,E21,H21,I21:O21)=0,"",IF(D16="","",D16)) | F21: =IF(_xlfn.ISFORMULA(G21),"",IF(AND(E21<>"",N(G21)>0),E21+7*G21-1,"")) | G21: =IF(OR(E21="",F21=""),"",IF(F21<E21,"",ROUNDUP((F21-E21+1)/7,0))) | P21: =SUM(I21:O21)*N(G21) -> 0 | Q21: {=IF(OR(A21="",E21="",F21=""),0,SUMPRODUCT((tlNo=A21)*(Timeline!$H$18:$BG$18+6>=E21)*(Timeline!$H$18:$BG$18<=F21)*Timeline!$H$20:$BG$378))} -> 0 | R21: =P21-Q21 -> 0 | S21: =SUMIF($I$3:$O$3,Assumptions!$A$15,$I21:$O21)*N($G21) -> 0 | T21: =SUMIF($I$3:$O$3,Assumptions!$A$16,$I21:$O21)*N($G21) -> 0 | U21: =SUMIF($I$3:$O$3,Assumptions!$A$17,$I21:$O21)*N($G21) -> 0 | V21: =SUMIF($I$3:$O$3,Assumptions!$A$18,$I21:$O21)*N($G21) -> 0 | W21: =SUMIF($I$3:$O$3,Assumptions!$A$19,$I21:$O21)*N($G21) -> 0 | X21: =S21*Assumptions!$B$15+T21*Assumptions!$B$16+U21*Assumptions!$B$17+V21*Assumptions!$B$18+W21*Assumptions!$B$19 -> 0 | Y21: =IF(D21="","",H21-X21) | Z21: =IF(OR(D21="",H21=0),"",X21/H21) | AA21: =IF(D21="Active",1,IF(D21="Prospective",IF(Assumptions!$B$6="Active only",0,Assumptions!$B$7),0)) -> 0 | AB21: =IF(COUNTA(C21,E21,H21,I21:O21)=0,"",IF(C21="","Select phase",IF(OR(E21="",F21=""),"Enter dates",IF(F21<E21,"End before start",IF(H21="","Enter phase fee",IF(P21=0,"Enter staff hours",IF(R21<0,"Over-mapped on Timeline",IF(R21>0,"Map hours on Timeline","OK")))))))) | AC21: Phase | AD21: =IF(AC21="Phase",N(G21),0) -> 0
A22: =IF(A16="","",A16) -> 2370 | B22: =IF(B16="","",B16) -> Tamarack Housing | D22: =IF(COUNTA(C22,E22,H22,I22:O22)=0,"",IF(D16="","",D16)) | F22: =IF(_xlfn.ISFORMULA(G22),"",IF(AND(E22<>"",N(G22)>0),E22+7*G22-1,"")) | G22: =IF(OR(E22="",F22=""),"",IF(F22<E22,"",ROUNDUP((F22-E22+1)/7,0))) | P22: =SUM(I22:O22)*N(G22) -> 0 | Q22: {=IF(OR(A22="",E22="",F22=""),0,SUMPRODUCT((tlNo=A22)*(Timeline!$H$18:$BG$18+6>=E22)*(Timeline!$H$18:$BG$18<=F22)*Timeline!$H$20:$BG$378))} -> 0 | R22: =P22-Q22 -> 0 | S22: =SUMIF($I$3:$O$3,Assumptions!$A$15,$I22:$O22)*N($G22) -> 0 | T22: =SUMIF($I$3:$O$3,Assumptions!$A$16,$I22:$O22)*N($G22) -> 0 | U22: =SUMIF($I$3:$O$3,Assumptions!$A$17,$I22:$O22)*N($G22) -> 0 | V22: =SUMIF($I$3:$O$3,Assumptions!$A$18,$I22:$O22)*N($G22) -> 0 | W22: =SUMIF($I$3:$O$3,Assumptions!$A$19,$I22:$O22)*N($G22) -> 0 | X22: =S22*Assumptions!$B$15+T22*Assumptions!$B$16+U22*Assumptions!$B$17+V22*Assumptions!$B$18+W22*Assumptions!$B$19 -> 0 | Y22: =IF(D22="","",H22-X22) | Z22: =IF(OR(D22="",H22=0),"",X22/H22) | AA22: =IF(D22="Active",1,IF(D22="Prospective",IF(Assumptions!$B$6="Active only",0,Assumptions!$B$7),0)) -> 0 | AB22: =IF(COUNTA(C22,E22,H22,I22:O22)=0,"",IF(C22="","Select phase",IF(OR(E22="",F22=""),"Enter dates",IF(F22<E22,"End before start",IF(H22="","Enter phase fee",IF(P22=0,"Enter staff hours",IF(R22<0,"Over-mapped on Timeline",IF(R22>0,"Map hours on Timeline","OK")))))))) | AC22: Phase | AD22: =IF(AC22="Phase",N(G22),0) -> 0
A23: =IF(A16="","",A16) -> 2370 | B23: =IF(B16="","",B16) -> Tamarack Housing | D23: =IF(COUNTA(C23,E23,H23,I23:O23)=0,"",IF(D16="","",D16)) | F23: =IF(_xlfn.ISFORMULA(G23),"",IF(AND(E23<>"",N(G23)>0),E23+7*G23-1,"")) | G23: =IF(OR(E23="",F23=""),"",IF(F23<E23,"",ROUNDUP((F23-E23+1)/7,0))) | P23: =SUM(I23:O23)*N(G23) -> 0 | Q23: {=IF(OR(A23="",E23="",F23=""),0,SUMPRODUCT((tlNo=A23)*(Timeline!$H$18:$BG$18+6>=E23)*(Timeline!$H$18:$BG$18<=F23)*Timeline!$H$20:$BG$378))} -> 0 | R23: =P23-Q23 -> 0 | S23: =SUMIF($I$3:$O$3,Assumptions!$A$15,$I23:$O23)*N($G23) -> 0 | T23: =SUMIF($I$3:$O$3,Assumptions!$A$16,$I23:$O23)*N($G23) -> 0 | U23: =SUMIF($I$3:$O$3,Assumptions!$A$17,$I23:$O23)*N($G23) -> 0 | V23: =SUMIF($I$3:$O$3,Assumptions!$A$18,$I23:$O23)*N($G23) -> 0 | W23: =SUMIF($I$3:$O$3,Assumptions!$A$19,$I23:$O23)*N($G23) -> 0 | X23: =S23*Assumptions!$B$15+T23*Assumptions!$B$16+U23*Assumptions!$B$17+V23*Assumptions!$B$18+W23*Assumptions!$B$19 -> 0 | Y23: =IF(D23="","",H23-X23) | Z23: =IF(OR(D23="",H23=0),"",X23/H23) | AA23: =IF(D23="Active",1,IF(D23="Prospective",IF(Assumptions!$B$6="Active only",0,Assumptions!$B$7),0)) -> 0 | AB23: =IF(COUNTA(C23,E23,H23,I23:O23)=0,"",IF(C23="","Select phase",IF(OR(E23="",F23=""),"Enter dates",IF(F23<E23,"End before start",IF(H23="","Enter phase fee",IF(P23=0,"Enter staff hours",IF(R23<0,"Over-mapped on Timeline",IF(R23>0,"Map hours on Timeline","OK")))))))) | AC23: Phase | AD23: =IF(AC23="Phase",N(G23),0) -> 0
A24: =IF(A16="","",A16) -> 2370 | B24: =IF(B16="","",B16) -> Tamarack Housing | D24: =IF(COUNTA(C24,E24,H24,I24:O24)=0,"",IF(D16="","",D16)) | F24: =IF(_xlfn.ISFORMULA(G24),"",IF(AND(E24<>"",N(G24)>0),E24+7*G24-1,"")) | G24: =IF(OR(E24="",F24=""),"",IF(F24<E24,"",ROUNDUP((F24-E24+1)/7,0))) | P24: =SUM(I24:O24)*N(G24) -> 0 | Q24: {=IF(OR(A24="",E24="",F24=""),0,SUMPRODUCT((tlNo=A24)*(Timeline!$H$18:$BG$18+6>=E24)*(Timeline!$H$18:$BG$18<=F24)*Timeline!$H$20:$BG$378))} -> 0 | R24: =P24-Q24 -> 0 | S24: =SUMIF($I$3:$O$3,Assumptions!$A$15,$I24:$O24)*N($G24) -> 0 | T24: =SUMIF($I$3:$O$3,Assumptions!$A$16,$I24:$O24)*N($G24) -> 0 | U24: =SUMIF($I$3:$O$3,Assumptions!$A$17,$I24:$O24)*N($G24) -> 0 | V24: =SUMIF($I$3:$O$3,Assumptions!$A$18,$I24:$O24)*N($G24) -> 0 | W24: =SUMIF($I$3:$O$3,Assumptions!$A$19,$I24:$O24)*N($G24) -> 0 | X24: =S24*Assumptions!$B$15+T24*Assumptions!$B$16+U24*Assumptions!$B$17+V24*Assumptions!$B$18+W24*Assumptions!$B$19 -> 0 | Y24: =IF(D24="","",H24-X24) | Z24: =IF(OR(D24="",H24=0),"",X24/H24) | AA24: =IF(D24="Active",1,IF(D24="Prospective",IF(Assumptions!$B$6="Active only",0,Assumptions!$B$7),0)) -> 0 | AB24: =IF(COUNTA(C24,E24,H24,I24:O24)=0,"",IF(C24="","Select phase",IF(OR(E24="",F24=""),"Enter dates",IF(F24<E24,"End before start",IF(H24="","Enter phase fee",IF(P24=0,"Enter staff hours",IF(R24<0,"Over-mapped on Timeline",IF(R24>0,"Map hours on Timeline","OK")))))))) | AC24: Phase | AD24: =IF(AC24="Phase",N(G24),0) -> 0
A25: 2458 | B25: Summit Ridge Village | C25: Project total | D25: Inactive | E25: =IF(COUNT(E26:E33)=0,"",MIN(E26:E33)) | F25: =IF(COUNT(F26:F33)=0,"",MAX(F26:F33)) | H25: =SUM(H26:H33) -> 0 | P25: =SUM(P26:P33) -> 0 | Q25: =SUM(Q26:Q33) -> 0 | R25: =P25-Q25 -> 0 | S25: =SUM(S26:S33) -> 0 | T25: =SUM(T26:T33) -> 0 | U25: =SUM(U26:U33) -> 0 | V25: =SUM(V26:V33) -> 0 | W25: =SUM(W26:W33) -> 0 | X25: =SUM(X26:X33) -> 0 | Y25: =H25-X25 -> 0 | Z25: =IF(H25=0,"",X25/H25) | AB25: =IF(COUNTIF(AB26:AB33,"?*")=0,"No phases yet",IF(COUNTIF(AB26:AB33,"OK")=COUNTIF(AB26:AB33,"?*"),"All OK",(COUNTIF(AB26:AB33,"?*")-COUNTIF(AB26:AB33,"OK"))&" to fix")) -> No phases yet | AC25: Project | AD25: =IF(AC25="Phase",N(G25),0) -> 0
A26: =IF(A25="","",A25) -> 2458 | B26: =IF(B25="","",B25) -> Summit Ridge Village | D26: =IF(COUNTA(C26,E26,H26,I26:O26)=0,"",IF(D25="","",D25)) | F26: =IF(_xlfn.ISFORMULA(G26),"",IF(AND(E26<>"",N(G26)>0),E26+7*G26-1,"")) | G26: =IF(OR(E26="",F26=""),"",IF(F26<E26,"",ROUNDUP((F26-E26+1)/7,0))) | P26: =SUM(I26:O26)*N(G26) -> 0 | Q26: {=IF(OR(A26="",E26="",F26=""),0,SUMPRODUCT((tlNo=A26)*(Timeline!$H$18:$BG$18+6>=E26)*(Timeline!$H$18:$BG$18<=F26)*Timeline!$H$20:$BG$378))} -> 0 | R26: =P26-Q26 -> 0 | S26: =SUMIF($I$3:$O$3,Assumptions!$A$15,$I26:$O26)*N($G26) -> 0 | T26: =SUMIF($I$3:$O$3,Assumptions!$A$16,$I26:$O26)*N($G26) -> 0 | U26: =SUMIF($I$3:$O$3,Assumptions!$A$17,$I26:$O26)*N($G26) -> 0 | V26: =SUMIF($I$3:$O$3,Assumptions!$A$18,$I26:$O26)*N($G26) -> 0 | W26: =SUMIF($I$3:$O$3,Assumptions!$A$19,$I26:$O26)*N($G26) -> 0 | X26: =S26*Assumptions!$B$15+T26*Assumptions!$B$16+U26*Assumptions!$B$17+V26*Assumptions!$B$18+W26*Assumptions!$B$19 -> 0 | Y26: =IF(D26="","",H26-X26) | Z26: =IF(OR(D26="",H26=0),"",X26/H26) | AA26: =IF(D26="Active",1,IF(D26="Prospective",IF(Assumptions!$B$6="Active only",0,Assumptions!$B$7),0)) -> 0 | AB26: =IF(COUNTA(C26,E26,H26,I26:O26)=0,"",IF(C26="","Select phase",IF(OR(E26="",F26=""),"Enter dates",IF(F26<E26,"End before start",IF(H26="","Enter phase fee",IF(P26=0,"Enter staff hours",IF(R26<0,"Over-mapped on Timeline",IF(R26>0,"Map hours on Timeline","OK")))))))) | AC26: Phase | AD26: =IF(AC26="Phase",N(G26),0) -> 0
A27: =IF(A25="","",A25) -> 2458 | B27: =IF(B25="","",B25) -> Summit Ridge Village | D27: =IF(COUNTA(C27,E27,H27,I27:O27)=0,"",IF(D25="","",D25)) | F27: =IF(_xlfn.ISFORMULA(G27),"",IF(AND(E27<>"",N(G27)>0),E27+7*G27-1,"")) | G27: =IF(OR(E27="",F27=""),"",IF(F27<E27,"",ROUNDUP((F27-E27+1)/7,0))) | P27: =SUM(I27:O27)*N(G27) -> 0 | Q27: {=IF(OR(A27="",E27="",F27=""),0,SUMPRODUCT((tlNo=A27)*(Timeline!$H$18:$BG$18+6>=E27)*(Timeline!$H$18:$BG$18<=F27)*Timeline!$H$20:$BG$378))} -> 0 | R27: =P27-Q27 -> 0 | S27: =SUMIF($I$3:$O$3,Assumptions!$A$15,$I27:$O27)*N($G27) -> 0 | T27: =SUMIF($I$3:$O$3,Assumptions!$A$16,$I27:$O27)*N($G27) -> 0 | U27: =SUMIF($I$3:$O$3,Assumptions!$A$17,$I27:$O27)*N($G27) -> 0 | V27: =SUMIF($I$3:$O$3,Assumptions!$A$18,$I27:$O27)*N($G27) -> 0 | W27: =SUMIF($I$3:$O$3,Assumptions!$A$19,$I27:$O27)*N($G27) -> 0 | X27: =S27*Assumptions!$B$15+T27*Assumptions!$B$16+U27*Assumptions!$B$17+V27*Assumptions!$B$18+W27*Assumptions!$B$19 -> 0 | Y27: =IF(D27="","",H27-X27) | Z27: =IF(OR(D27="",H27=0),"",X27/H27) | AA27: =IF(D27="Active",1,IF(D27="Prospective",IF(Assumptions!$B$6="Active only",0,Assumptions!$B$7),0)) -> 0 | AB27: =IF(COUNTA(C27,E27,H27,I27:O27)=0,"",IF(C27="","Select phase",IF(OR(E27="",F27=""),"Enter dates",IF(F27<E27,"End before start",IF(H27="","Enter phase fee",IF(P27=0,"Enter staff hours",IF(R27<0,"Over-mapped on Timeline",IF(R27>0,"Map hours on Timeline","OK")))))))) | AC27: Phase | AD27: =IF(AC27="Phase",N(G27),0) -> 0
A28: =IF(A25="","",A25) -> 2458 | B28: =IF(B25="","",B25) -> Summit Ridge Village | D28: =IF(COUNTA(C28,E28,H28,I28:O28)=0,"",IF(D25="","",D25)) | F28: =IF(_xlfn.ISFORMULA(G28),"",IF(AND(E28<>"",N(G28)>0),E28+7*G28-1,"")) | G28: =IF(OR(E28="",F28=""),"",IF(F28<E28,"",ROUNDUP((F28-E28+1)/7,0))) | P28: =SUM(I28:O28)*N(G28) -> 0 | Q28: {=IF(OR(A28="",E28="",F28=""),0,SUMPRODUCT((tlNo=A28)*(Timeline!$H$18:$BG$18+6>=E28)*(Timeline!$H$18:$BG$18<=F28)*Timeline!$H$20:$BG$378))} -> 0 | R28: =P28-Q28 -> 0 | S28: =SUMIF($I$3:$O$3,Assumptions!$A$15,$I28:$O28)*N($G28) -> 0 | T28: =SUMIF($I$3:$O$3,Assumptions!$A$16,$I28:$O28)*N($G28) -> 0 | U28: =SUMIF($I$3:$O$3,Assumptions!$A$17,$I28:$O28)*N($G28) -> 0 | V28: =SUMIF($I$3:$O$3,Assumptions!$A$18,$I28:$O28)*N($G28) -> 0 | W28: =SUMIF($I$3:$O$3,Assumptions!$A$19,$I28:$O28)*N($G28) -> 0 | X28: =S28*Assumptions!$B$15+T28*Assumptions!$B$16+U28*Assumptions!$B$17+V28*Assumptions!$B$18+W28*Assumptions!$B$19 -> 0 | Y28: =IF(D28="","",H28-X28) | Z28: =IF(OR(D28="",H28=0),"",X28/H28) | AA28: =IF(D28="Active",1,IF(D28="Prospective",IF(Assumptions!$B$6="Active only",0,Assumptions!$B$7),0)) -> 0 | AB28: =IF(COUNTA(C28,E28,H28,I28:O28)=0,"",IF(C28="","Select phase",IF(OR(E28="",F28=""),"Enter dates",IF(F28<E28,"End before start",IF(H28="","Enter phase fee",IF(P28=0,"Enter staff hours",IF(R28<0,"Over-mapped on Timeline",IF(R28>0,"Map hours on Timeline","OK")))))))) | AC28: Phase | AD28: =IF(AC28="Phase",N(G28),0) -> 0
A29: =IF(A25="","",A25) -> 2458 | B29: =IF(B25="","",B25) -> Summit Ridge Village | D29: =IF(COUNTA(C29,E29,H29,I29:O29)=0,"",IF(D25="","",D25)) | F29: =IF(_xlfn.ISFORMULA(G29),"",IF(AND(E29<>"",N(G29)>0),E29+7*G29-1,"")) | G29: =IF(OR(E29="",F29=""),"",IF(F29<E29,"",ROUNDUP((F29-E29+1)/7,0))) | P29: =SUM(I29:O29)*N(G29) -> 0 | Q29: {=IF(OR(A29="",E29="",F29=""),0,SUMPRODUCT((tlNo=A29)*(Timeline!$H$18:$BG$18+6>=E29)*(Timeline!$H$18:$BG$18<=F29)*Timeline!$H$20:$BG$378))} -> 0 | R29: =P29-Q29 -> 0 | S29: =SUMIF($I$3:$O$3,Assumptions!$A$15,$I29:$O29)*N($G29) -> 0 | T29: =SUMIF($I$3:$O$3,Assumptions!$A$16,$I29:$O29)*N($G29) -> 0 | U29: =SUMIF($I$3:$O$3,Assumptions!$A$17,$I29:$O29)*N($G29) -> 0 | V29: =SUMIF($I$3:$O$3,Assumptions!$A$18,$I29:$O29)*N($G29) -> 0 | W29: =SUMIF($I$3:$O$3,Assumptions!$A$19,$I29:$O29)*N($G29) -> 0 | X29: =S29*Assumptions!$B$15+T29*Assumptions!$B$16+U29*Assumptions!$B$17+V29*Assumptions!$B$18+W29*Assumptions!$B$19 -> 0 | Y29: =IF(D29="","",H29-X29) | Z29: =IF(OR(D29="",H29=0),"",X29/H29) | AA29: =IF(D29="Active",1,IF(D29="Prospective",IF(Assumptions!$B$6="Active only",0,Assumptions!$B$7),0)) -> 0 | AB29: =IF(COUNTA(C29,E29,H29,I29:O29)=0,"",IF(C29="","Select phase",IF(OR(E29="",F29=""),"Enter dates",IF(F29<E29,"End before start",IF(H29="","Enter phase fee",IF(P29=0,"Enter staff hours",IF(R29<0,"Over-mapped on Timeline",IF(R29>0,"Map hours on Timeline","OK")))))))) | AC29: Phase | AD29: =IF(AC29="Phase",N(G29),0) -> 0
A30: =IF(A25="","",A25) -> 2458 | B30: =IF(B25="","",B25) -> Summit Ridge Village | D30: =IF(COUNTA(C30,E30,H30,I30:O30)=0,"",IF(D25="","",D25)) | F30: =IF(_xlfn.ISFORMULA(G30),"",IF(AND(E30<>"",N(G30)>0),E30+7*G30-1,"")) | G30: =IF(OR(E30="",F30=""),"",IF(F30<E30,"",ROUNDUP((F30-E30+1)/7,0))) | P30: =SUM(I30:O30)*N(G30) -> 0 | Q30: {=IF(OR(A30="",E30="",F30=""),0,SUMPRODUCT((tlNo=A30)*(Timeline!$H$18:$BG$18+6>=E30)*(Timeline!$H$18:$BG$18<=F30)*Timeline!$H$20:$BG$378))} -> 0 | R30: =P30-Q30 -> 0 | S30: =SUMIF($I$3:$O$3,Assumptions!$A$15,$I30:$O30)*N($G30) -> 0 | T30: =SUMIF($I$3:$O$3,Assumptions!$A$16,$I30:$O30)*N($G30) -> 0 | U30: =SUMIF($I$3:$O$3,Assumptions!$A$17,$I30:$O30)*N($G30) -> 0 | V30: =SUMIF($I$3:$O$3,Assumptions!$A$18,$I30:$O30)*N($G30) -> 0 | W30: =SUMIF($I$3:$O$3,Assumptions!$A$19,$I30:$O30)*N($G30) -> 0 | X30: =S30*Assumptions!$B$15+T30*Assumptions!$B$16+U30*Assumptions!$B$17+V30*Assumptions!$B$18+W30*Assumptions!$B$19 -> 0 | Y30: =IF(D30="","",H30-X30) | Z30: =IF(OR(D30="",H30=0),"",X30/H30) | AA30: =IF(D30="Active",1,IF(D30="Prospective",IF(Assumptions!$B$6="Active only",0,Assumptions!$B$7),0)) -> 0 | AB30: =IF(COUNTA(C30,E30,H30,I30:O30)=0,"",IF(C30="","Select phase",IF(OR(E30="",F30=""),"Enter dates",IF(F30<E30,"End before start",IF(H30="","Enter phase fee",IF(P30=0,"Enter staff hours",IF(R30<0,"Over-mapped on Timeline",IF(R30>0,"Map hours on Timeline","OK")))))))) | AC30: Phase | AD30: =IF(AC30="Phase",N(G30),0) -> 0
A31: =IF(A25="","",A25) -> 2458 | B31: =IF(B25="","",B25) -> Summit Ridge Village | D31: =IF(COUNTA(C31,E31,H31,I31:O31)=0,"",IF(D25="","",D25)) | F31: =IF(_xlfn.ISFORMULA(G31),"",IF(AND(E31<>"",N(G31)>0),E31+7*G31-1,"")) | G31: =IF(OR(E31="",F31=""),"",IF(F31<E31,"",ROUNDUP((F31-E31+1)/7,0))) | P31: =SUM(I31:O31)*N(G31) -> 0 | Q31: {=IF(OR(A31="",E31="",F31=""),0,SUMPRODUCT((tlNo=A31)*(Timeline!$H$18:$BG$18+6>=E31)*(Timeline!$H$18:$BG$18<=F31)*Timeline!$H$20:$BG$378))} -> 0 | R31: =P31-Q31 -> 0 | S31: =SUMIF($I$3:$O$3,Assumptions!$A$15,$I31:$O31)*N($G31) -> 0 | T31: =SUMIF($I$3:$O$3,Assumptions!$A$16,$I31:$O31)*N($G31) -> 0 | U31: =SUMIF($I$3:$O$3,Assumptions!$A$17,$I31:$O31)*N($G31) -> 0 | V31: =SUMIF($I$3:$O$3,Assumptions!$A$18,$I31:$O31)*N($G31) -> 0 | W31: =SUMIF($I$3:$O$3,Assumptions!$A$19,$I31:$O31)*N($G31) -> 0 | X31: =S31*Assumptions!$B$15+T31*Assumptions!$B$16+U31*Assumptions!$B$17+V31*Assumptions!$B$18+W31*Assumptions!$B$19 -> 0 | Y31: =IF(D31="","",H31-X31) | Z31: =IF(OR(D31="",H31=0),"",X31/H31) | AA31: =IF(D31="Active",1,IF(D31="Prospective",IF(Assumptions!$B$6="Active only",0,Assumptions!$B$7),0)) -> 0 | AB31: =IF(COUNTA(C31,E31,H31,I31:O31)=0,"",IF(C31="","Select phase",IF(OR(E31="",F31=""),"Enter dates",IF(F31<E31,"End before start",IF(H31="","Enter phase fee",IF(P31=0,"Enter staff hours",IF(R31<0,"Over-mapped on Timeline",IF(R31>0,"Map hours on Timeline","OK")))))))) | AC31: Phase | AD31: =IF(AC31="Phase",N(G31),0) -> 0
A32: =IF(A25="","",A25) -> 2458 | B32: =IF(B25="","",B25) -> Summit Ridge Village | D32: =IF(COUNTA(C32,E32,H32,I32:O32)=0,"",IF(D25="","",D25)) | F32: =IF(_xlfn.ISFORMULA(G32),"",IF(AND(E32<>"",N(G32)>0),E32+7*G32-1,"")) | G32: =IF(OR(E32="",F32=""),"",IF(F32<E32,"",ROUNDUP((F32-E32+1)/7,0))) | P32: =SUM(I32:O32)*N(G32) -> 0 | Q32: {=IF(OR(A32="",E32="",F32=""),0,SUMPRODUCT((tlNo=A32)*(Timeline!$H$18:$BG$18+6>=E32)*(Timeline!$H$18:$BG$18<=F32)*Timeline!$H$20:$BG$378))} -> 0 | R32: =P32-Q32 -> 0 | S32: =SUMIF($I$3:$O$3,Assumptions!$A$15,$I32:$O32)*N($G32) -> 0 | T32: =SUMIF($I$3:$O$3,Assumptions!$A$16,$I32:$O32)*N($G32) -> 0 | U32: =SUMIF($I$3:$O$3,Assumptions!$A$17,$I32:$O32)*N($G32) -> 0 | V32: =SUMIF($I$3:$O$3,Assumptions!$A$18,$I32:$O32)*N($G32) -> 0 | W32: =SUMIF($I$3:$O$3,Assumptions!$A$19,$I32:$O32)*N($G32) -> 0 | X32: =S32*Assumptions!$B$15+T32*Assumptions!$B$16+U32*Assumptions!$B$17+V32*Assumptions!$B$18+W32*Assumptions!$B$19 -> 0 | Y32: =IF(D32="","",H32-X32) | Z32: =IF(OR(D32="",H32=0),"",X32/H32) | AA32: =IF(D32="Active",1,IF(D32="Prospective",IF(Assumptions!$B$6="Active only",0,Assumptions!$B$7),0)) -> 0 | AB32: =IF(COUNTA(C32,E32,H32,I32:O32)=0,"",IF(C32="","Select phase",IF(OR(E32="",F32=""),"Enter dates",IF(F32<E32,"End before start",IF(H32="","Enter phase fee",IF(P32=0,"Enter staff hours",IF(R32<0,"Over-mapped on Timeline",IF(R32>0,"Map hours on Timeline","OK")))))))) | AC32: Phase | AD32: =IF(AC32="Phase",N(G32),0) -> 0
A33: =IF(A25="","",A25) -> 2458 | B33: =IF(B25="","",B25) -> Summit Ridge Village | D33: =IF(COUNTA(C33,E33,H33,I33:O33)=0,"",IF(D25="","",D25)) | F33: =IF(_xlfn.ISFORMULA(G33),"",IF(AND(E33<>"",N(G33)>0),E33+7*G33-1,"")) | G33: =IF(OR(E33="",F33=""),"",IF(F33<E33,"",ROUNDUP((F33-E33+1)/7,0))) | P33: =SUM(I33:O33)*N(G33) -> 0 | Q33: {=IF(OR(A33="",E33="",F33=""),0,SUMPRODUCT((tlNo=A33)*(Timeline!$H$18:$BG$18+6>=E33)*(Timeline!$H$18:$BG$18<=F33)*Timeline!$H$20:$BG$378))} -> 0 | R33: =P33-Q33 -> 0 | S33: =SUMIF($I$3:$O$3,Assumptions!$A$15,$I33:$O33)*N($G33) -> 0 | T33: =SUMIF($I$3:$O$3,Assumptions!$A$16,$I33:$O33)*N($G33) -> 0 | U33: =SUMIF($I$3:$O$3,Assumptions!$A$17,$I33:$O33)*N($G33) -> 0 | V33: =SUMIF($I$3:$O$3,Assumptions!$A$18,$I33:$O33)*N($G33) -> 0 | W33: =SUMIF($I$3:$O$3,Assumptions!$A$19,$I33:$O33)*N($G33) -> 0 | X33: =S33*Assumptions!$B$15+T33*Assumptions!$B$16+U33*Assumptions!$B$17+V33*Assumptions!$B$18+W33*Assumptions!$B$19 -> 0 | Y33: =IF(D33="","",H33-X33) | Z33: =IF(OR(D33="",H33=0),"",X33/H33) | AA33: =IF(D33="Active",1,IF(D33="Prospective",IF(Assumptions!$B$6="Active only",0,Assumptions!$B$7),0)) -> 0 | AB33: =IF(COUNTA(C33,E33,H33,I33:O33)=0,"",IF(C33="","Select phase",IF(OR(E33="",F33=""),"Enter dates",IF(F33<E33,"End before start",IF(H33="","Enter phase fee",IF(P33=0,"Enter staff hours",IF(R33<0,"Over-mapped on Timeline",IF(R33>0,"Map hours on Timeline","OK")))))))) | AC33: Phase | AD33: =IF(AC33="Phase",N(G33),0) -> 0
A34: 2469 | B34: Fairhaven Village | C34: Project total | D34: Active | E34: =IF(COUNT(E35:E42)=0,"",MIN(E35:E42)) | F34: =IF(COUNT(F35:F42)=0,"",MAX(F35:F42)) | H34: =SUM(H35:H42) -> 0 | P34: =SUM(P35:P42) -> 0 | Q34: =SUM(Q35:Q42) -> 0 | R34: =P34-Q34 -> 0 | S34: =SUM(S35:S42) -> 0 | T34: =SUM(T35:T42) -> 0 | U34: =SUM(U35:U42) -> 0 | V34: =SUM(V35:V42) -> 0 | W34: =SUM(W35:W42) -> 0 | X34: =SUM(X35:X42) -> 0 | Y34: =H34-X34 -> 0 | Z34: =IF(H34=0,"",X34/H34) | AB34: =IF(COUNTIF(AB35:AB42,"?*")=0,"No phases yet",IF(COUNTIF(AB35:AB42,"OK")=COUNTIF(AB35:AB42,"?*"),"All OK",(COUNTIF(AB35:AB42,"?*")-COUNTIF(AB35:AB42,"OK"))&" to fix")) -> No phases yet | AC34: Project | AD34: =IF(AC34="Phase",N(G34),0) -> 0
A35: =IF(A34="","",A34) -> 2469 | B35: =IF(B34="","",B34) -> Fairhaven Village | D35: =IF(COUNTA(C35,E35,H35,I35:O35)=0,"",IF(D34="","",D34)) | F35: =IF(_xlfn.ISFORMULA(G35),"",IF(AND(E35<>"",N(G35)>0),E35+7*G35-1,"")) | G35: =IF(OR(E35="",F35=""),"",IF(F35<E35,"",ROUNDUP((F35-E35+1)/7,0))) | P35: =SUM(I35:O35)*N(G35) -> 0 | Q35: {=IF(OR(A35="",E35="",F35=""),0,SUMPRODUCT((tlNo=A35)*(Timeline!$H$18:$BG$18+6>=E35)*(Timeline!$H$18:$BG$18<=F35)*Timeline!$H$20:$BG$378))} -> 0 | R35: =P35-Q35 -> 0 | S35: =SUMIF($I$3:$O$3,Assumptions!$A$15,$I35:$O35)*N($G35) -> 0 | T35: =SUMIF($I$3:$O$3,Assumptions!$A$16,$I35:$O35)*N($G35) -> 0 | U35: =SUMIF($I$3:$O$3,Assumptions!$A$17,$I35:$O35)*N($G35) -> 0 | V35: =SUMIF($I$3:$O$3,Assumptions!$A$18,$I35:$O35)*N($G35) -> 0 | W35: =SUMIF($I$3:$O$3,Assumptions!$A$19,$I35:$O35)*N($G35) -> 0 | X35: =S35*Assumptions!$B$15+T35*Assumptions!$B$16+U35*Assumptions!$B$17+V35*Assumptions!$B$18+W35*Assumptions!$B$19 -> 0 | Y35: =IF(D35="","",H35-X35) | Z35: =IF(OR(D35="",H35=0),"",X35/H35) | AA35: =IF(D35="Active",1,IF(D35="Prospective",IF(Assumptions!$B$6="Active only",0,Assumptions!$B$7),0)) -> 0 | AB35: =IF(COUNTA(C35,E35,H35,I35:O35)=0,"",IF(C35="","Select phase",IF(OR(E35="",F35=""),"Enter dates",IF(F35<E35,"End before start",IF(H35="","Enter phase fee",IF(P35=0,"Enter staff hours",IF(R35<0,"Over-mapped on Timeline",IF(R35>0,"Map hours on Timeline","OK")))))))) | AC35: Phase | AD35: =IF(AC35="Phase",N(G35),0) -> 0
A36: =IF(A34="","",A34) -> 2469 | B36: =IF(B34="","",B34) -> Fairhaven Village | D36: =IF(COUNTA(C36,E36,H36,I36:O36)=0,"",IF(D34="","",D34)) | F36: =IF(_xlfn.ISFORMULA(G36),"",IF(AND(E36<>"",N(G36)>0),E36+7*G36-1,"")) | G36: =IF(OR(E36="",F36=""),"",IF(F36<E36,"",ROUNDUP((F36-E36+1)/7,0))) | P36: =SUM(I36:O36)*N(G36) -> 0 | Q36: {=IF(OR(A36="",E36="",F36=""),0,SUMPRODUCT((tlNo=A36)*(Timeline!$H$18:$BG$18+6>=E36)*(Timeline!$H$18:$BG$18<=F36)*Timeline!$H$20:$BG$378))} -> 0 | R36: =P36-Q36 -> 0 | S36: =SUMIF($I$3:$O$3,Assumptions!$A$15,$I36:$O36)*N($G36) -> 0 | T36: =SUMIF($I$3:$O$3,Assumptions!$A$16,$I36:$O36)*N($G36) -> 0 | U36: =SUMIF($I$3:$O$3,Assumptions!$A$17,$I36:$O36)*N($G36) -> 0 | V36: =SUMIF($I$3:$O$3,Assumptions!$A$18,$I36:$O36)*N($G36) -> 0 | W36: =SUMIF($I$3:$O$3,Assumptions!$A$19,$I36:$O36)*N($G36) -> 0 | X36: =S36*Assumptions!$B$15+T36*Assumptions!$B$16+U36*Assumptions!$B$17+V36*Assumptions!$B$18+W36*Assumptions!$B$19 -> 0 | Y36: =IF(D36="","",H36-X36) | Z36: =IF(OR(D36="",H36=0),"",X36/H36) | AA36: =IF(D36="Active",1,IF(D36="Prospective",IF(Assumptions!$B$6="Active only",0,Assumptions!$B$7),0)) -> 0 | AB36: =IF(COUNTA(C36,E36,H36,I36:O36)=0,"",IF(C36="","Select phase",IF(OR(E36="",F36=""),"Enter dates",IF(F36<E36,"End before start",IF(H36="","Enter phase fee",IF(P36=0,"Enter staff hours",IF(R36<0,"Over-mapped on Timeline",IF(R36>0,"Map hours on Timeline","OK")))))))) | AC36: Phase | AD36: =IF(AC36="Phase",N(G36),0) -> 0
A37: =IF(A34="","",A34) -> 2469 | B37: =IF(B34="","",B34) -> Fairhaven Village | D37: =IF(COUNTA(C37,E37,H37,I37:O37)=0,"",IF(D34="","",D34)) | F37: =IF(_xlfn.ISFORMULA(G37),"",IF(AND(E37<>"",N(G37)>0),E37+7*G37-1,"")) | G37: =IF(OR(E37="",F37=""),"",IF(F37<E37,"",ROUNDUP((F37-E37+1)/7,0))) | P37: =SUM(I37:O37)*N(G37) -> 0 | Q37: {=IF(OR(A37="",E37="",F37=""),0,SUMPRODUCT((tlNo=A37)*(Timeline!$H$18:$BG$18+6>=E37)*(Timeline!$H$18:$BG$18<=F37)*Timeline!$H$20:$BG$378))} -> 0 | R37: =P37-Q37 -> 0 | S37: =SUMIF($I$3:$O$3,Assumptions!$A$15,$I37:$O37)*N($G37) -> 0 | T37: =SUMIF($I$3:$O$3,Assumptions!$A$16,$I37:$O37)*N($G37) -> 0 | U37: =SUMIF($I$3:$O$3,Assumptions!$A$17,$I37:$O37)*N($G37) -> 0 | V37: =SUMIF($I$3:$O$3,Assumptions!$A$18,$I37:$O37)*N($G37) -> 0 | W37: =SUMIF($I$3:$O$3,Assumptions!$A$19,$I37:$O37)*N($G37) -> 0 | X37: =S37*Assumptions!$B$15+T37*Assumptions!$B$16+U37*Assumptions!$B$17+V37*Assumptions!$B$18+W37*Assumptions!$B$19 -> 0 | Y37: =IF(D37="","",H37-X37) | Z37: =IF(OR(D37="",H37=0),"",X37/H37) | AA37: =IF(D37="Active",1,IF(D37="Prospective",IF(Assumptions!$B$6="Active only",0,Assumptions!$B$7),0)) -> 0 | AB37: =IF(COUNTA(C37,E37,H37,I37:O37)=0,"",IF(C37="","Select phase",IF(OR(E37="",F37=""),"Enter dates",IF(F37<E37,"End before start",IF(H37="","Enter phase fee",IF(P37=0,"Enter staff hours",IF(R37<0,"Over-mapped on Timeline",IF(R37>0,"Map hours on Timeline","OK")))))))) | AC37: Phase | AD37: =IF(AC37="Phase",N(G37),0) -> 0
A38: =IF(A34="","",A34) -> 2469 | B38: =IF(B34="","",B34) -> Fairhaven Village | D38: =IF(COUNTA(C38,E38,H38,I38:O38)=0,"",IF(D34="","",D34)) | F38: =IF(_xlfn.ISFORMULA(G38),"",IF(AND(E38<>"",N(G38)>0),E38+7*G38-1,"")) | G38: =IF(OR(E38="",F38=""),"",IF(F38<E38,"",ROUNDUP((F38-E38+1)/7,0))) | P38: =SUM(I38:O38)*N(G38) -> 0 | Q38: {=IF(OR(A38="",E38="",F38=""),0,SUMPRODUCT((tlNo=A38)*(Timeline!$H$18:$BG$18+6>=E38)*(Timeline!$H$18:$BG$18<=F38)*Timeline!$H$20:$BG$378))} -> 0 | R38: =P38-Q38 -> 0 | S38: =SUMIF($I$3:$O$3,Assumptions!$A$15,$I38:$O38)*N($G38) -> 0 | T38: =SUMIF($I$3:$O$3,Assumptions!$A$16,$I38:$O38)*N($G38) -> 0 | U38: =SUMIF($I$3:$O$3,Assumptions!$A$17,$I38:$O38)*N($G38) -> 0 | V38: =SUMIF($I$3:$O$3,Assumptions!$A$18,$I38:$O38)*N($G38) -> 0 | W38: =SUMIF($I$3:$O$3,Assumptions!$A$19,$I38:$O38)*N($G38) -> 0 | X38: =S38*Assumptions!$B$15+T38*Assumptions!$B$16+U38*Assumptions!$B$17+V38*Assumptions!$B$18+W38*Assumptions!$B$19 -> 0 | Y38: =IF(D38="","",H38-X38) | Z38: =IF(OR(D38="",H38=0),"",X38/H38) | AA38: =IF(D38="Active",1,IF(D38="Prospective",IF(Assumptions!$B$6="Active only",0,Assumptions!$B$7),0)) -> 0 | AB38: =IF(COUNTA(C38,E38,H38,I38:O38)=0,"",IF(C38="","Select phase",IF(OR(E38="",F38=""),"Enter dates",IF(F38<E38,"End before start",IF(H38="","Enter phase fee",IF(P38=0,"Enter staff hours",IF(R38<0,"Over-mapped on Timeline",IF(R38>0,"Map hours on Timeline","OK")))))))) | AC38: Phase | AD38: =IF(AC38="Phase",N(G38),0) -> 0
A39: =IF(A34="","",A34) -> 2469 | B39: =IF(B34="","",B34) -> Fairhaven Village | D39: =IF(COUNTA(C39,E39,H39,I39:O39)=0,"",IF(D34="","",D34)) | F39: =IF(_xlfn.ISFORMULA(G39),"",IF(AND(E39<>"",N(G39)>0),E39+7*G39-1,"")) | G39: =IF(OR(E39="",F39=""),"",IF(F39<E39,"",ROUNDUP((F39-E39+1)/7,0))) | P39: =SUM(I39:O39)*N(G39) -> 0 | Q39: {=IF(OR(A39="",E39="",F39=""),0,SUMPRODUCT((tlNo=A39)*(Timeline!$H$18:$BG$18+6>=E39)*(Timeline!$H$18:$BG$18<=F39)*Timeline!$H$20:$BG$378))} -> 0 | R39: =P39-Q39 -> 0 | S39: =SUMIF($I$3:$O$3,Assumptions!$A$15,$I39:$O39)*N($G39) -> 0 | T39: =SUMIF($I$3:$O$3,Assumptions!$A$16,$I39:$O39)*N($G39) -> 0 | U39: =SUMIF($I$3:$O$3,Assumptions!$A$17,$I39:$O39)*N($G39) -> 0 | V39: =SUMIF($I$3:$O$3,Assumptions!$A$18,$I39:$O39)*N($G39) -> 0 | W39: =SUMIF($I$3:$O$3,Assumptions!$A$19,$I39:$O39)*N($G39) -> 0 | X39: =S39*Assumptions!$B$15+T39*Assumptions!$B$16+U39*Assumptions!$B$17+V39*Assumptions!$B$18+W39*Assumptions!$B$19 -> 0 | Y39: =IF(D39="","",H39-X39) | Z39: =IF(OR(D39="",H39=0),"",X39/H39) | AA39: =IF(D39="Active",1,IF(D39="Prospective",IF(Assumptions!$B$6="Active only",0,Assumptions!$B$7),0)) -> 0 | AB39: =IF(COUNTA(C39,E39,H39,I39:O39)=0,"",IF(C39="","Select phase",IF(OR(E39="",F39=""),"Enter dates",IF(F39<E39,"End before start",IF(H39="","Enter phase fee",IF(P39=0,"Enter staff hours",IF(R39<0,"Over-mapped on Timeline",IF(R39>0,"Map hours on Timeline","OK")))))))) | AC39: Phase | AD39: =IF(AC39="Phase",N(G39),0) -> 0
A40: =IF(A34="","",A34) -> 2469 | B40: =IF(B34="","",B34) -> Fairhaven Village | D40: =IF(COUNTA(C40,E40,H40,I40:O40)=0,"",IF(D34="","",D34)) | F40: =IF(_xlfn.ISFORMULA(G40),"",IF(AND(E40<>"",N(G40)>0),E40+7*G40-1,"")) | G40: =IF(OR(E40="",F40=""),"",IF(F40<E40,"",ROUNDUP((F40-E40+1)/7,0))) | P40: =SUM(I40:O40)*N(G40) -> 0 | Q40: {=IF(OR(A40="",E40="",F40=""),0,SUMPRODUCT((tlNo=A40)*(Timeline!$H$18:$BG$18+6>=E40)*(Timeline!$H$18:$BG$18<=F40)*Timeline!$H$20:$BG$378))} -> 0 | R40: =P40-Q40 -> 0 | S40: =SUMIF($I$3:$O$3,Assumptions!$A$15,$I40:$O40)*N($G40) -> 0 | T40: =SUMIF($I$3:$O$3,Assumptions!$A$16,$I40:$O40)*N($G40) -> 0 | U40: =SUMIF($I$3:$O$3,Assumptions!$A$17,$I40:$O40)*N($G40) -> 0 | V40: =SUMIF($I$3:$O$3,Assumptions!$A$18,$I40:$O40)*N($G40) -> 0 | W40: =SUMIF($I$3:$O$3,Assumptions!$A$19,$I40:$O40)*N($G40) -> 0 | X40: =S40*Assumptions!$B$15+T40*Assumptions!$B$16+U40*Assumptions!$B$17+V40*Assumptions!$B$18+W40*Assumptions!$B$19 -> 0 | Y40: =IF(D40="","",H40-X40) | Z40: =IF(OR(D40="",H40=0),"",X40/H40) | AA40: =IF(D40="Active",1,IF(D40="Prospective",IF(Assumptions!$B$6="Active only",0,Assumptions!$B$7),0)) -> 0 | AB40: =IF(COUNTA(C40,E40,H40,I40:O40)=0,"",IF(C40="","Select phase",IF(OR(E40="",F40=""),"Enter dates",IF(F40<E40,"End before start",IF(H40="","Enter phase fee",IF(P40=0,"Enter staff hours",IF(R40<0,"Over-mapped on Timeline",IF(R40>0,"Map hours on Timeline","OK")))))))) | AC40: Phase | AD40: =IF(AC40="Phase",N(G40),0) -> 0
A41: =IF(A34="","",A34) -> 2469 | B41: =IF(B34="","",B34) -> Fairhaven Village | D41: =IF(COUNTA(C41,E41,H41,I41:O41)=0,"",IF(D34="","",D34)) | F41: =IF(_xlfn.ISFORMULA(G41),"",IF(AND(E41<>"",N(G41)>0),E41+7*G41-1,"")) | G41: =IF(OR(E41="",F41=""),"",IF(F41<E41,"",ROUNDUP((F41-E41+1)/7,0))) | P41: =SUM(I41:O41)*N(G41) -> 0 | Q41: {=IF(OR(A41="",E41="",F41=""),0,SUMPRODUCT((tlNo=A41)*(Timeline!$H$18:$BG$18+6>=E41)*(Timeline!$H$18:$BG$18<=F41)*Timeline!$H$20:$BG$378))} -> 0 | R41: =P41-Q41 -> 0 | S41: =SUMIF($I$3:$O$3,Assumptions!$A$15,$I41:$O41)*N($G41) -> 0 | T41: =SUMIF($I$3:$O$3,Assumptions!$A$16,$I41:$O41)*N($G41) -> 0 | U41: =SUMIF($I$3:$O$3,Assumptions!$A$17,$I41:$O41)*N($G41) -> 0 | V41: =SUMIF($I$3:$O$3,Assumptions!$A$18,$I41:$O41)*N($G41) -> 0 | W41: =SUMIF($I$3:$O$3,Assumptions!$A$19,$I41:$O41)*N($G41) -> 0 | X41: =S41*Assumptions!$B$15+T41*Assumptions!$B$16+U41*Assumptions!$B$17+V41*Assumptions!$B$18+W41*Assumptions!$B$19 -> 0 | Y41: =IF(D41="","",H41-X41) | Z41: =IF(OR(D41="",H41=0),"",X41/H41) | AA41: =IF(D41="Active",1,IF(D41="Prospective",IF(Assumptions!$B$6="Active only",0,Assumptions!$B$7),0)) -> 0 | AB41: =IF(COUNTA(C41,E41,H41,I41:O41)=0,"",IF(C41="","Select phase",IF(OR(E41="",F41=""),"Enter dates",IF(F41<E41,"End before start",IF(H41="","Enter phase fee",IF(P41=0,"Enter staff hours",IF(R41<0,"Over-mapped on Timeline",IF(R41>0,"Map hours on Timeline","OK")))))))) | AC41: Phase | AD41: =IF(AC41="Phase",N(G41),0) -> 0
A42: =IF(A34="","",A34) -> 2469 | B42: =IF(B34="","",B34) -> Fairhaven Village | D42: =IF(COUNTA(C42,E42,H42,I42:O42)=0,"",IF(D34="","",D34)) | F42: =IF(_xlfn.ISFORMULA(G42),"",IF(AND(E42<>"",N(G42)>0),E42+7*G42-1,"")) | G42: =IF(OR(E42="",F42=""),"",IF(F42<E42,"",ROUNDUP((F42-E42+1)/7,0))) | P42: =SUM(I42:O42)*N(G42) -> 0 | Q42: {=IF(OR(A42="",E42="",F42=""),0,SUMPRODUCT((tlNo=A42)*(Timeline!$H$18:$BG$18+6>=E42)*(Timeline!$H$18:$BG$18<=F42)*Timeline!$H$20:$BG$378))} -> 0 | R42: =P42-Q42 -> 0 | S42: =SUMIF($I$3:$O$3,Assumptions!$A$15,$I42:$O42)*N($G42) -> 0 | T42: =SUMIF($I$3:$O$3,Assumptions!$A$16,$I42:$O42)*N($G42) -> 0 | U42: =SUMIF($I$3:$O$3,Assumptions!$A$17,$I42:$O42)*N($G42) -> 0 | V42: =SUMIF($I$3:$O$3,Assumptions!$A$18,$I42:$O42)*N($G42) -> 0 | W42: =SUMIF($I$3:$O$3,Assumptions!$A$19,$I42:$O42)*N($G42) -> 0 | X42: =S42*Assumptions!$B$15+T42*Assumptions!$B$16+U42*Assumptions!$B$17+V42*Assumptions!$B$18+W42*Assumptions!$B$19 -> 0 | Y42: =IF(D42="","",H42-X42) | Z42: =IF(OR(D42="",H42=0),"",X42/H42) | AA42: =IF(D42="Active",1,IF(D42="Prospective",IF(Assumptions!$B$6="Active only",0,Assumptions!$B$7),0)) -> 0 | AB42: =IF(COUNTA(C42,E42,H42,I42:O42)=0,"",IF(C42="","Select phase",IF(OR(E42="",F42=""),"Enter dates",IF(F42<E42,"End before start",IF(H42="","Enter phase fee",IF(P42=0,"Enter staff hours",IF(R42<0,"Over-mapped on Timeline",IF(R42>0,"Map hours on Timeline","OK")))))))) | AC42: Phase | AD42: =IF(AC42="Phase",N(G42),0) -> 0
A43: 2470 | B43: Canyon Vista Park | C43: Project total | D43: Active | E43: =IF(COUNT(E44:E51)=0,"",MIN(E44:E51)) | F43: =IF(COUNT(F44:F51)=0,"",MAX(F44:F51)) | H43: =SUM(H44:H51) -> 0 | P43: =SUM(P44:P51) -> 0 | Q43: =SUM(Q44:Q51) -> 0 | R43: =P43-Q43 -> 0 | S43: =SUM(S44:S51) -> 0 | T43: =SUM(T44:T51) -> 0 | U43: =SUM(U44:U51) -> 0 | V43: =SUM(V44:V51) -> 0 | W43: =SUM(W44:W51) -> 0 | X43: =SUM(X44:X51) -> 0 | Y43: =H43-X43 -> 0 | Z43: =IF(H43=0,"",X43/H43) | AB43: =IF(COUNTIF(AB44:AB51,"?*")=0,"No phases yet",IF(COUNTIF(AB44:AB51,"OK")=COUNTIF(AB44:AB51,"?*"),"All OK",(COUNTIF(AB44:AB51,"?*")-COUNTIF(AB44:AB51,"OK"))&" to fix")) -> No phases yet | AC43: Project | AD43: =IF(AC43="Phase",N(G43),0) -> 0
A44: =IF(A43="","",A43) -> 2470 | B44: =IF(B43="","",B43) -> Canyon Vista Park | D44: =IF(COUNTA(C44,E44,H44,I44:O44)=0,"",IF(D43="","",D43)) | F44: =IF(_xlfn.ISFORMULA(G44),"",IF(AND(E44<>"",N(G44)>0),E44+7*G44-1,"")) | G44: =IF(OR(E44="",F44=""),"",IF(F44<E44,"",ROUNDUP((F44-E44+1)/7,0))) | P44: =SUM(I44:O44)*N(G44) -> 0 | Q44: {=IF(OR(A44="",E44="",F44=""),0,SUMPRODUCT((tlNo=A44)*(Timeline!$H$18:$BG$18+6>=E44)*(Timeline!$H$18:$BG$18<=F44)*Timeline!$H$20:$BG$378))} -> 0 | R44: =P44-Q44 -> 0 | S44: =SUMIF($I$3:$O$3,Assumptions!$A$15,$I44:$O44)*N($G44) -> 0 | T44: =SUMIF($I$3:$O$3,Assumptions!$A$16,$I44:$O44)*N($G44) -> 0 | U44: =SUMIF($I$3:$O$3,Assumptions!$A$17,$I44:$O44)*N($G44) -> 0 | V44: =SUMIF($I$3:$O$3,Assumptions!$A$18,$I44:$O44)*N($G44) -> 0 | W44: =SUMIF($I$3:$O$3,Assumptions!$A$19,$I44:$O44)*N($G44) -> 0 | X44: =S44*Assumptions!$B$15+T44*Assumptions!$B$16+U44*Assumptions!$B$17+V44*Assumptions!$B$18+W44*Assumptions!$B$19 -> 0 | Y44: =IF(D44="","",H44-X44) | Z44: =IF(OR(D44="",H44=0),"",X44/H44) | AA44: =IF(D44="Active",1,IF(D44="Prospective",IF(Assumptions!$B$6="Active only",0,Assumptions!$B$7),0)) -> 0 | AB44: =IF(COUNTA(C44,E44,H44,I44:O44)=0,"",IF(C44="","Select phase",IF(OR(E44="",F44=""),"Enter dates",IF(F44<E44,"End before start",IF(H44="","Enter phase fee",IF(P44=0,"Enter staff hours",IF(R44<0,"Over-mapped on Timeline",IF(R44>0,"Map hours on Timeline","OK")))))))) | AC44: Phase | AD44: =IF(AC44="Phase",N(G44),0) -> 0
A45: =IF(A43="","",A43) -> 2470 | B45: =IF(B43="","",B43) -> Canyon Vista Park | D45: =IF(COUNTA(C45,E45,H45,I45:O45)=0,"",IF(D43="","",D43)) | F45: =IF(_xlfn.ISFORMULA(G45),"",IF(AND(E45<>"",N(G45)>0),E45+7*G45-1,"")) | G45: =IF(OR(E45="",F45=""),"",IF(F45<E45,"",ROUNDUP((F45-E45+1)/7,0))) | P45: =SUM(I45:O45)*N(G45) -> 0 | Q45: {=IF(OR(A45="",E45="",F45=""),0,SUMPRODUCT((tlNo=A45)*(Timeline!$H$18:$BG$18+6>=E45)*(Timeline!$H$18:$BG$18<=F45)*Timeline!$H$20:$BG$378))} -> 0 | R45: =P45-Q45 -> 0 | S45: =SUMIF($I$3:$O$3,Assumptions!$A$15,$I45:$O45)*N($G45) -> 0 | T45: =SUMIF($I$3:$O$3,Assumptions!$A$16,$I45:$O45)*N($G45) -> 0 | U45: =SUMIF($I$3:$O$3,Assumptions!$A$17,$I45:$O45)*N($G45) -> 0 | V45: =SUMIF($I$3:$O$3,Assumptions!$A$18,$I45:$O45)*N($G45) -> 0 | W45: =SUMIF($I$3:$O$3,Assumptions!$A$19,$I45:$O45)*N($G45) -> 0 | X45: =S45*Assumptions!$B$15+T45*Assumptions!$B$16+U45*Assumptions!$B$17+V45*Assumptions!$B$18+W45*Assumptions!$B$19 -> 0 | Y45: =IF(D45="","",H45-X45) | Z45: =IF(OR(D45="",H45=0),"",X45/H45) | AA45: =IF(D45="Active",1,IF(D45="Prospective",IF(Assumptions!$B$6="Active only",0,Assumptions!$B$7),0)) -> 0 | AB45: =IF(COUNTA(C45,E45,H45,I45:O45)=0,"",IF(C45="","Select phase",IF(OR(E45="",F45=""),"Enter dates",IF(F45<E45,"End before start",IF(H45="","Enter phase fee",IF(P45=0,"Enter staff hours",IF(R45<0,"Over-mapped on Timeline",IF(R45>0,"Map hours on Timeline","OK")))))))) | AC45: Phase | AD45: =IF(AC45="Phase",N(G45),0) -> 0
A46: =IF(A43="","",A43) -> 2470 | B46: =IF(B43="","",B43) -> Canyon Vista Park | D46: =IF(COUNTA(C46,E46,H46,I46:O46)=0,"",IF(D43="","",D43)) | F46: =IF(_xlfn.ISFORMULA(G46),"",IF(AND(E46<>"",N(G46)>0),E46+7*G46-1,"")) | G46: =IF(OR(E46="",F46=""),"",IF(F46<E46,"",ROUNDUP((F46-E46+1)/7,0))) | P46: =SUM(I46:O46)*N(G46) -> 0 | Q46: {=IF(OR(A46="",E46="",F46=""),0,SUMPRODUCT((tlNo=A46)*(Timeline!$H$18:$BG$18+6>=E46)*(Timeline!$H$18:$BG$18<=F46)*Timeline!$H$20:$BG$378))} -> 0 | R46: =P46-Q46 -> 0 | S46: =SUMIF($I$3:$O$3,Assumptions!$A$15,$I46:$O46)*N($G46) -> 0 | T46: =SUMIF($I$3:$O$3,Assumptions!$A$16,$I46:$O46)*N($G46) -> 0 | U46: =SUMIF($I$3:$O$3,Assumptions!$A$17,$I46:$O46)*N($G46) -> 0 | V46: =SUMIF($I$3:$O$3,Assumptions!$A$18,$I46:$O46)*N($G46) -> 0 | W46: =SUMIF($I$3:$O$3,Assumptions!$A$19,$I46:$O46)*N($G46) -> 0 | X46: =S46*Assumptions!$B$15+T46*Assumptions!$B$16+U46*Assumptions!$B$17+V46*Assumptions!$B$18+W46*Assumptions!$B$19 -> 0 | Y46: =IF(D46="","",H46-X46) | Z46: =IF(OR(D46="",H46=0),"",X46/H46) | AA46: =IF(D46="Active",1,IF(D46="Prospective",IF(Assumptions!$B$6="Active only",0,Assumptions!$B$7),0)) -> 0 | AB46: =IF(COUNTA(C46,E46,H46,I46:O46)=0,"",IF(C46="","Select phase",IF(OR(E46="",F46=""),"Enter dates",IF(F46<E46,"End before start",IF(H46="","Enter phase fee",IF(P46=0,"Enter staff hours",IF(R46<0,"Over-mapped on Timeline",IF(R46>0,"Map hours on Timeline","OK")))))))) | AC46: Phase | AD46: =IF(AC46="Phase",N(G46),0) -> 0
A47: =IF(A43="","",A43) -> 2470 | B47: =IF(B43="","",B43) -> Canyon Vista Park | D47: =IF(COUNTA(C47,E47,H47,I47:O47)=0,"",IF(D43="","",D43)) | F47: =IF(_xlfn.ISFORMULA(G47),"",IF(AND(E47<>"",N(G47)>0),E47+7*G47-1,"")) | G47: =IF(OR(E47="",F47=""),"",IF(F47<E47,"",ROUNDUP((F47-E47+1)/7,0))) | P47: =SUM(I47:O47)*N(G47) -> 0 | Q47: {=IF(OR(A47="",E47="",F47=""),0,SUMPRODUCT((tlNo=A47)*(Timeline!$H$18:$BG$18+6>=E47)*(Timeline!$H$18:$BG$18<=F47)*Timeline!$H$20:$BG$378))} -> 0 | R47: =P47-Q47 -> 0 | S47: =SUMIF($I$3:$O$3,Assumptions!$A$15,$I47:$O47)*N($G47) -> 0 | T47: =SUMIF($I$3:$O$3,Assumptions!$A$16,$I47:$O47)*N($G47) -> 0 | U47: =SUMIF($I$3:$O$3,Assumptions!$A$17,$I47:$O47)*N($G47) -> 0 | V47: =SUMIF($I$3:$O$3,Assumptions!$A$18,$I47:$O47)*N($G47) -> 0 | W47: =SUMIF($I$3:$O$3,Assumptions!$A$19,$I47:$O47)*N($G47) -> 0 | X47: =S47*Assumptions!$B$15+T47*Assumptions!$B$16+U47*Assumptions!$B$17+V47*Assumptions!$B$18+W47*Assumptions!$B$19 -> 0 | Y47: =IF(D47="","",H47-X47) | Z47: =IF(OR(D47="",H47=0),"",X47/H47) | AA47: =IF(D47="Active",1,IF(D47="Prospective",IF(Assumptions!$B$6="Active only",0,Assumptions!$B$7),0)) -> 0 | AB47: =IF(COUNTA(C47,E47,H47,I47:O47)=0,"",IF(C47="","Select phase",IF(OR(E47="",F47=""),"Enter dates",IF(F47<E47,"End before start",IF(H47="","Enter phase fee",IF(P47=0,"Enter staff hours",IF(R47<0,"Over-mapped on Timeline",IF(R47>0,"Map hours on Timeline","OK")))))))) | AC47: Phase | AD47: =IF(AC47="Phase",N(G47),0) -> 0
A48: =IF(A43="","",A43) -> 2470 | B48: =IF(B43="","",B43) -> Canyon Vista Park | D48: =IF(COUNTA(C48,E48,H48,I48:O48)=0,"",IF(D43="","",D43)) | F48: =IF(_xlfn.ISFORMULA(G48),"",IF(AND(E48<>"",N(G48)>0),E48+7*G48-1,"")) | G48: =IF(OR(E48="",F48=""),"",IF(F48<E48,"",ROUNDUP((F48-E48+1)/7,0))) | P48: =SUM(I48:O48)*N(G48) -> 0 | Q48: {=IF(OR(A48="",E48="",F48=""),0,SUMPRODUCT((tlNo=A48)*(Timeline!$H$18:$BG$18+6>=E48)*(Timeline!$H$18:$BG$18<=F48)*Timeline!$H$20:$BG$378))} -> 0 | R48: =P48-Q48 -> 0 | S48: =SUMIF($I$3:$O$3,Assumptions!$A$15,$I48:$O48)*N($G48) -> 0 | T48: =SUMIF($I$3:$O$3,Assumptions!$A$16,$I48:$O48)*N($G48) -> 0 | U48: =SUMIF($I$3:$O$3,Assumptions!$A$17,$I48:$O48)*N($G48) -> 0 | V48: =SUMIF($I$3:$O$3,Assumptions!$A$18,$I48:$O48)*N($G48) -> 0 | W48: =SUMIF($I$3:$O$3,Assumptions!$A$19,$I48:$O48)*N($G48) -> 0 | X48: =S48*Assumptions!$B$15+T48*Assumptions!$B$16+U48*Assumptions!$B$17+V48*Assumptions!$B$18+W48*Assumptions!$B$19 -> 0 | Y48: =IF(D48="","",H48-X48) | Z48: =IF(OR(D48="",H48=0),"",X48/H48) | AA48: =IF(D48="Active",1,IF(D48="Prospective",IF(Assumptions!$B$6="Active only",0,Assumptions!$B$7),0)) -> 0 | AB48: =IF(COUNTA(C48,E48,H48,I48:O48)=0,"",IF(C48="","Select phase",IF(OR(E48="",F48=""),"Enter dates",IF(F48<E48,"End before start",IF(H48="","Enter phase fee",IF(P48=0,"Enter staff hours",IF(R48<0,"Over-mapped on Timeline",IF(R48>0,"Map hours on Timeline","OK")))))))) | AC48: Phase | AD48: =IF(AC48="Phase",N(G48),0) -> 0
A49: =IF(A43="","",A43) -> 2470 | B49: =IF(B43="","",B43) -> Canyon Vista Park | D49: =IF(COUNTA(C49,E49,H49,I49:O49)=0,"",IF(D43="","",D43)) | F49: =IF(_xlfn.ISFORMULA(G49),"",IF(AND(E49<>"",N(G49)>0),E49+7*G49-1,"")) | G49: =IF(OR(E49="",F49=""),"",IF(F49<E49,"",ROUNDUP((F49-E49+1)/7,0))) | P49: =SUM(I49:O49)*N(G49) -> 0 | Q49: {=IF(OR(A49="",E49="",F49=""),0,SUMPRODUCT((tlNo=A49)*(Timeline!$H$18:$BG$18+6>=E49)*(Timeline!$H$18:$BG$18<=F49)*Timeline!$H$20:$BG$378))} -> 0 | R49: =P49-Q49 -> 0 | S49: =SUMIF($I$3:$O$3,Assumptions!$A$15,$I49:$O49)*N($G49) -> 0 | T49: =SUMIF($I$3:$O$3,Assumptions!$A$16,$I49:$O49)*N($G49) -> 0 | U49: =SUMIF($I$3:$O$3,Assumptions!$A$17,$I49:$O49)*N($G49) -> 0 | V49: =SUMIF($I$3:$O$3,Assumptions!$A$18,$I49:$O49)*N($G49) -> 0 | W49: =SUMIF($I$3:$O$3,Assumptions!$A$19,$I49:$O49)*N($G49) -> 0 | X49: =S49*Assumptions!$B$15+T49*Assumptions!$B$16+U49*Assumptions!$B$17+V49*Assumptions!$B$18+W49*Assumptions!$B$19 -> 0 | Y49: =IF(D49="","",H49-X49) | Z49: =IF(OR(D49="",H49=0),"",X49/H49) | AA49: =IF(D49="Active",1,IF(D49="Prospective",IF(Assumptions!$B$6="Active only",0,Assumptions!$B$7),0)) -> 0 | AB49: =IF(COUNTA(C49,E49,H49,I49:O49)=0,"",IF(C49="","Select phase",IF(OR(E49="",F49=""),"Enter dates",IF(F49<E49,"End before start",IF(H49="","Enter phase fee",IF(P49=0,"Enter staff hours",IF(R49<0,"Over-mapped on Timeline",IF(R49>0,"Map hours on Timeline","OK")))))))) | AC49: Phase | AD49: =IF(AC49="Phase",N(G49),0) -> 0
A50: =IF(A43="","",A43) -> 2470 | B50: =IF(B43="","",B43) -> Canyon Vista Park | D50: =IF(COUNTA(C50,E50,H50,I50:O50)=0,"",IF(D43="","",D43)) | F50: =IF(_xlfn.ISFORMULA(G50),"",IF(AND(E50<>"",N(G50)>0),E50+7*G50-1,"")) | G50: =IF(OR(E50="",F50=""),"",IF(F50<E50,"",ROUNDUP((F50-E50+1)/7,0))) | P50: =SUM(I50:O50)*N(G50) -> 0 | Q50: {=IF(OR(A50="",E50="",F50=""),0,SUMPRODUCT((tlNo=A50)*(Timeline!$H$18:$BG$18+6>=E50)*(Timeline!$H$18:$BG$18<=F50)*Timeline!$H$20:$BG$378))} -> 0 | R50: =P50-Q50 -> 0 | S50: =SUMIF($I$3:$O$3,Assumptions!$A$15,$I50:$O50)*N($G50) -> 0 | T50: =SUMIF($I$3:$O$3,Assumptions!$A$16,$I50:$O50)*N($G50) -> 0 | U50: =SUMIF($I$3:$O$3,Assumptions!$A$17,$I50:$O50)*N($G50) -> 0 | V50: =SUMIF($I$3:$O$3,Assumptions!$A$18,$I50:$O50)*N($G50) -> 0 | W50: =SUMIF($I$3:$O$3,Assumptions!$A$19,$I50:$O50)*N($G50) -> 0 | X50: =S50*Assumptions!$B$15+T50*Assumptions!$B$16+U50*Assumptions!$B$17+V50*Assumptions!$B$18+W50*Assumptions!$B$19 -> 0 | Y50: =IF(D50="","",H50-X50) | Z50: =IF(OR(D50="",H50=0),"",X50/H50) | AA50: =IF(D50="Active",1,IF(D50="Prospective",IF(Assumptions!$B$6="Active only",0,Assumptions!$B$7),0)) -> 0 | AB50: =IF(COUNTA(C50,E50,H50,I50:O50)=0,"",IF(C50="","Select phase",IF(OR(E50="",F50=""),"Enter dates",IF(F50<E50,"End before start",IF(H50="","Enter phase fee",IF(P50=0,"Enter staff hours",IF(R50<0,"Over-mapped on Timeline",IF(R50>0,"Map hours on Timeline","OK")))))))) | AC50: Phase | AD50: =IF(AC50="Phase",N(G50),0) -> 0
A51: =IF(A43="","",A43) -> 2470 | B51: =IF(B43="","",B43) -> Canyon Vista Park | D51: =IF(COUNTA(C51,E51,H51,I51:O51)=0,"",IF(D43="","",D43)) | F51: =IF(_xlfn.ISFORMULA(G51),"",IF(AND(E51<>"",N(G51)>0),E51+7*G51-1,"")) | G51: =IF(OR(E51="",F51=""),"",IF(F51<E51,"",ROUNDUP((F51-E51+1)/7,0))) | P51: =SUM(I51:O51)*N(G51) -> 0 | Q51: {=IF(OR(A51="",E51="",F51=""),0,SUMPRODUCT((tlNo=A51)*(Timeline!$H$18:$BG$18+6>=E51)*(Timeline!$H$18:$BG$18<=F51)*Timeline!$H$20:$BG$378))} -> 0 | R51: =P51-Q51 -> 0 | S51: =SUMIF($I$3:$O$3,Assumptions!$A$15,$I51:$O51)*N($G51) -> 0 | T51: =SUMIF($I$3:$O$3,Assumptions!$A$16,$I51:$O51)*N($G51) -> 0 | U51: =SUMIF($I$3:$O$3,Assumptions!$A$17,$I51:$O51)*N($G51) -> 0 | V51: =SUMIF($I$3:$O$3,Assumptions!$A$18,$I51:$O51)*N($G51) -> 0 | W51: =SUMIF($I$3:$O$3,Assumptions!$A$19,$I51:$O51)*N($G51) -> 0 | X51: =S51*Assumptions!$B$15+T51*Assumptions!$B$16+U51*Assumptions!$B$17+V51*Assumptions!$B$18+W51*Assumptions!$B$19 -> 0 | Y51: =IF(D51="","",H51-X51) | Z51: =IF(OR(D51="",H51=0),"",X51/H51) | AA51: =IF(D51="Active",1,IF(D51="Prospective",IF(Assumptions!$B$6="Active only",0,Assumptions!$B$7),0)) -> 0 | AB51: =IF(COUNTA(C51,E51,H51,I51:O51)=0,"",IF(C51="","Select phase",IF(OR(E51="",F51=""),"Enter dates",IF(F51<E51,"End before start",IF(H51="","Enter phase fee",IF(P51=0,"Enter staff hours",IF(R51<0,"Over-mapped on Timeline",IF(R51>0,"Map hours on Timeline","OK")))))))) | AC51: Phase | AD51: =IF(AC51="Phase",N(G51),0) -> 0
A52: 2489 | B52: Harbor Mobility Hub | C52: Project total | D52: Active | E52: =IF(COUNT(E53:E60)=0,"",MIN(E53:E60)) | F52: =IF(COUNT(F53:F60)=0,"",MAX(F53:F60)) | H52: =SUM(H53:H60) -> 0 | P52: =SUM(P53:P60) -> 0 | Q52: =SUM(Q53:Q60) -> 0 | R52: =P52-Q52 -> 0 | S52: =SUM(S53:S60) -> 0 | T52: =SUM(T53:T60) -> 0 | U52: =SUM(U53:U60) -> 0 | V52: =SUM(V53:V60) -> 0 | W52: =SUM(W53:W60) -> 0 | X52: =SUM(X53:X60) -> 0 | Y52: =H52-X52 -> 0 | Z52: =IF(H52=0,"",X52/H52) | AB52: =IF(COUNTIF(AB53:AB60,"?*")=0,"No phases yet",IF(COUNTIF(AB53:AB60,"OK")=COUNTIF(AB53:AB60,"?*"),"All OK",(COUNTIF(AB53:AB60,"?*")-COUNTIF(AB53:AB60,"OK"))&" to fix")) -> No phases yet | AC52: Project | AD52: =IF(AC52="Phase",N(G52),0) -> 0
A53: =IF(A52="","",A52) -> 2489 | B53: =IF(B52="","",B52) -> Harbor Mobility Hub | D53: =IF(COUNTA(C53,E53,H53,I53:O53)=0,"",IF(D52="","",D52)) | F53: =IF(_xlfn.ISFORMULA(G53),"",IF(AND(E53<>"",N(G53)>0),E53+7*G53-1,"")) | G53: =IF(OR(E53="",F53=""),"",IF(F53<E53,"",ROUNDUP((F53-E53+1)/7,0))) | P53: =SUM(I53:O53)*N(G53) -> 0 | Q53: {=IF(OR(A53="",E53="",F53=""),0,SUMPRODUCT((tlNo=A53)*(Timeline!$H$18:$BG$18+6>=E53)*(Timeline!$H$18:$BG$18<=F53)*Timeline!$H$20:$BG$378))} -> 0 | R53: =P53-Q53 -> 0 | S53: =SUMIF($I$3:$O$3,Assumptions!$A$15,$I53:$O53)*N($G53) -> 0 | T53: =SUMIF($I$3:$O$3,Assumptions!$A$16,$I53:$O53)*N($G53) -> 0 | U53: =SUMIF($I$3:$O$3,Assumptions!$A$17,$I53:$O53)*N($G53) -> 0 | V53: =SUMIF($I$3:$O$3,Assumptions!$A$18,$I53:$O53)*N($G53) -> 0 | W53: =SUMIF($I$3:$O$3,Assumptions!$A$19,$I53:$O53)*N($G53) -> 0 | X53: =S53*Assumptions!$B$15+T53*Assumptions!$B$16+U53*Assumptions!$B$17+V53*Assumptions!$B$18+W53*Assumptions!$B$19 -> 0 | Y53: =IF(D53="","",H53-X53) | Z53: =IF(OR(D53="",H53=0),"",X53/H53) | AA53: =IF(D53="Active",1,IF(D53="Prospective",IF(Assumptions!$B$6="Active only",0,Assumptions!$B$7),0)) -> 0 | AB53: =IF(COUNTA(C53,E53,H53,I53:O53)=0,"",IF(C53="","Select phase",IF(OR(E53="",F53=""),"Enter dates",IF(F53<E53,"End before start",IF(H53="","Enter phase fee",IF(P53=0,"Enter staff hours",IF(R53<0,"Over-mapped on Timeline",IF(R53>0,"Map hours on Timeline","OK")))))))) | AC53: Phase | AD53: =IF(AC53="Phase",N(G53),0) -> 0
A54: =IF(A52="","",A52) -> 2489 | B54: =IF(B52="","",B52) -> Harbor Mobility Hub | D54: =IF(COUNTA(C54,E54,H54,I54:O54)=0,"",IF(D52="","",D52)) | F54: =IF(_xlfn.ISFORMULA(G54),"",IF(AND(E54<>"",N(G54)>0),E54+7*G54-1,"")) | G54: =IF(OR(E54="",F54=""),"",IF(F54<E54,"",ROUNDUP((F54-E54+1)/7,0))) | P54: =SUM(I54:O54)*N(G54) -> 0 | Q54: {=IF(OR(A54="",E54="",F54=""),0,SUMPRODUCT((tlNo=A54)*(Timeline!$H$18:$BG$18+6>=E54)*(Timeline!$H$18:$BG$18<=F54)*Timeline!$H$20:$BG$378))} -> 0 | R54: =P54-Q54 -> 0 | S54: =SUMIF($I$3:$O$3,Assumptions!$A$15,$I54:$O54)*N($G54) -> 0 | T54: =SUMIF($I$3:$O$3,Assumptions!$A$16,$I54:$O54)*N($G54) -> 0 | U54: =SUMIF($I$3:$O$3,Assumptions!$A$17,$I54:$O54)*N($G54) -> 0 | V54: =SUMIF($I$3:$O$3,Assumptions!$A$18,$I54:$O54)*N($G54) -> 0 | W54: =SUMIF($I$3:$O$3,Assumptions!$A$19,$I54:$O54)*N($G54) -> 0 | X54: =S54*Assumptions!$B$15+T54*Assumptions!$B$16+U54*Assumptions!$B$17+V54*Assumptions!$B$18+W54*Assumptions!$B$19 -> 0 | Y54: =IF(D54="","",H54-X54) | Z54: =IF(OR(D54="",H54=0),"",X54/H54) | AA54: =IF(D54="Active",1,IF(D54="Prospective",IF(Assumptions!$B$6="Active only",0,Assumptions!$B$7),0)) -> 0 | AB54: =IF(COUNTA(C54,E54,H54,I54:O54)=0,"",IF(C54="","Select phase",IF(OR(E54="",F54=""),"Enter dates",IF(F54<E54,"End before start",IF(H54="","Enter phase fee",IF(P54=0,"Enter staff hours",IF(R54<0,"Over-mapped on Timeline",IF(R54>0,"Map hours on Timeline","OK")))))))) | AC54: Phase | AD54: =IF(AC54="Phase",N(G54),0) -> 0
A55: =IF(A52="","",A52) -> 2489 | B55: =IF(B52="","",B52) -> Harbor Mobility Hub | D55: =IF(COUNTA(C55,E55,H55,I55:O55)=0,"",IF(D52="","",D52)) | F55: =IF(_xlfn.ISFORMULA(G55),"",IF(AND(E55<>"",N(G55)>0),E55+7*G55-1,"")) | G55: =IF(OR(E55="",F55=""),"",IF(F55<E55,"",ROUNDUP((F55-E55+1)/7,0))) | P55: =SUM(I55:O55)*N(G55) -> 0 | Q55: {=IF(OR(A55="",E55="",F55=""),0,SUMPRODUCT((tlNo=A55)*(Timeline!$H$18:$BG$18+6>=E55)*(Timeline!$H$18:$BG$18<=F55)*Timeline!$H$20:$BG$378))} -> 0 | R55: =P55-Q55 -> 0 | S55: =SUMIF($I$3:$O$3,Assumptions!$A$15,$I55:$O55)*N($G55) -> 0 | T55: =SUMIF($I$3:$O$3,Assumptions!$A$16,$I55:$O55)*N($G55) -> 0 | U55: =SUMIF($I$3:$O$3,Assumptions!$A$17,$I55:$O55)*N($G55) -> 0 | V55: =SUMIF($I$3:$O$3,Assumptions!$A$18,$I55:$O55)*N($G55) -> 0 | W55: =SUMIF($I$3:$O$3,Assumptions!$A$19,$I55:$O55)*N($G55) -> 0 | X55: =S55*Assumptions!$B$15+T55*Assumptions!$B$16+U55*Assumptions!$B$17+V55*Assumptions!$B$18+W55*Assumptions!$B$19 -> 0 | Y55: =IF(D55="","",H55-X55) | Z55: =IF(OR(D55="",H55=0),"",X55/H55) | AA55: =IF(D55="Active",1,IF(D55="Prospective",IF(Assumptions!$B$6="Active only",0,Assumptions!$B$7),0)) -> 0 | AB55: =IF(COUNTA(C55,E55,H55,I55:O55)=0,"",IF(C55="","Select phase",IF(OR(E55="",F55=""),"Enter dates",IF(F55<E55,"End before start",IF(H55="","Enter phase fee",IF(P55=0,"Enter staff hours",IF(R55<0,"Over-mapped on Timeline",IF(R55>0,"Map hours on Timeline","OK")))))))) | AC55: Phase | AD55: =IF(AC55="Phase",N(G55),0) -> 0
A56: =IF(A52="","",A52) -> 2489 | B56: =IF(B52="","",B52) -> Harbor Mobility Hub | D56: =IF(COUNTA(C56,E56,H56,I56:O56)=0,"",IF(D52="","",D52)) | F56: =IF(_xlfn.ISFORMULA(G56),"",IF(AND(E56<>"",N(G56)>0),E56+7*G56-1,"")) | G56: =IF(OR(E56="",F56=""),"",IF(F56<E56,"",ROUNDUP((F56-E56+1)/7,0))) | P56: =SUM(I56:O56)*N(G56) -> 0 | Q56: {=IF(OR(A56="",E56="",F56=""),0,SUMPRODUCT((tlNo=A56)*(Timeline!$H$18:$BG$18+6>=E56)*(Timeline!$H$18:$BG$18<=F56)*Timeline!$H$20:$BG$378))} -> 0 | R56: =P56-Q56 -> 0 | S56: =SUMIF($I$3:$O$3,Assumptions!$A$15,$I56:$O56)*N($G56) -> 0 | T56: =SUMIF($I$3:$O$3,Assumptions!$A$16,$I56:$O56)*N($G56) -> 0 | U56: =SUMIF($I$3:$O$3,Assumptions!$A$17,$I56:$O56)*N($G56) -> 0 | V56: =SUMIF($I$3:$O$3,Assumptions!$A$18,$I56:$O56)*N($G56) -> 0 | W56: =SUMIF($I$3:$O$3,Assumptions!$A$19,$I56:$O56)*N($G56) -> 0 | X56: =S56*Assumptions!$B$15+T56*Assumptions!$B$16+U56*Assumptions!$B$17+V56*Assumptions!$B$18+W56*Assumptions!$B$19 -> 0 | Y56: =IF(D56="","",H56-X56) | Z56: =IF(OR(D56="",H56=0),"",X56/H56) | AA56: =IF(D56="Active",1,IF(D56="Prospective",IF(Assumptions!$B$6="Active only",0,Assumptions!$B$7),0)) -> 0 | AB56: =IF(COUNTA(C56,E56,H56,I56:O56)=0,"",IF(C56="","Select phase",IF(OR(E56="",F56=""),"Enter dates",IF(F56<E56,"End before start",IF(H56="","Enter phase fee",IF(P56=0,"Enter staff hours",IF(R56<0,"Over-mapped on Timeline",IF(R56>0,"Map hours on Timeline","OK")))))))) | AC56: Phase | AD56: =IF(AC56="Phase",N(G56),0) -> 0
A57: =IF(A52="","",A52) -> 2489 | B57: =IF(B52="","",B52) -> Harbor Mobility Hub | D57: =IF(COUNTA(C57,E57,H57,I57:O57)=0,"",IF(D52="","",D52)) | F57: =IF(_xlfn.ISFORMULA(G57),"",IF(AND(E57<>"",N(G57)>0),E57+7*G57-1,"")) | G57: =IF(OR(E57="",F57=""),"",IF(F57<E57,"",ROUNDUP((F57-E57+1)/7,0))) | P57: =SUM(I57:O57)*N(G57) -> 0 | Q57: {=IF(OR(A57="",E57="",F57=""),0,SUMPRODUCT((tlNo=A57)*(Timeline!$H$18:$BG$18+6>=E57)*(Timeline!$H$18:$BG$18<=F57)*Timeline!$H$20:$BG$378))} -> 0 | R57: =P57-Q57 -> 0 | S57: =SUMIF($I$3:$O$3,Assumptions!$A$15,$I57:$O57)*N($G57) -> 0 | T57: =SUMIF($I$3:$O$3,Assumptions!$A$16,$I57:$O57)*N($G57) -> 0 | U57: =SUMIF($I$3:$O$3,Assumptions!$A$17,$I57:$O57)*N($G57) -> 0 | V57: =SUMIF($I$3:$O$3,Assumptions!$A$18,$I57:$O57)*N($G57) -> 0 | W57: =SUMIF($I$3:$O$3,Assumptions!$A$19,$I57:$O57)*N($G57) -> 0 | X57: =S57*Assumptions!$B$15+T57*Assumptions!$B$16+U57*Assumptions!$B$17+V57*Assumptions!$B$18+W57*Assumptions!$B$19 -> 0 | Y57: =IF(D57="","",H57-X57) | Z57: =IF(OR(D57="",H57=0),"",X57/H57) | AA57: =IF(D57="Active",1,IF(D57="Prospective",IF(Assumptions!$B$6="Active only",0,Assumptions!$B$7),0)) -> 0 | AB57: =IF(COUNTA(C57,E57,H57,I57:O57)=0,"",IF(C57="","Select phase",IF(OR(E57="",F57=""),"Enter dates",IF(F57<E57,"End before start",IF(H57="","Enter phase fee",IF(P57=0,"Enter staff hours",IF(R57<0,"Over-mapped on Timeline",IF(R57>0,"Map hours on Timeline","OK")))))))) | AC57: Phase | AD57: =IF(AC57="Phase",N(G57),0) -> 0
A58: =IF(A52="","",A52) -> 2489 | B58: =IF(B52="","",B52) -> Harbor Mobility Hub | D58: =IF(COUNTA(C58,E58,H58,I58:O58)=0,"",IF(D52="","",D52)) | F58: =IF(_xlfn.ISFORMULA(G58),"",IF(AND(E58<>"",N(G58)>0),E58+7*G58-1,"")) | G58: =IF(OR(E58="",F58=""),"",IF(F58<E58,"",ROUNDUP((F58-E58+1)/7,0))) | P58: =SUM(I58:O58)*N(G58) -> 0 | Q58: {=IF(OR(A58="",E58="",F58=""),0,SUMPRODUCT((tlNo=A58)*(Timeline!$H$18:$BG$18+6>=E58)*(Timeline!$H$18:$BG$18<=F58)*Timeline!$H$20:$BG$378))} -> 0 | R58: =P58-Q58 -> 0 | S58: =SUMIF($I$3:$O$3,Assumptions!$A$15,$I58:$O58)*N($G58) -> 0 | T58: =SUMIF($I$3:$O$3,Assumptions!$A$16,$I58:$O58)*N($G58) -> 0 | U58: =SUMIF($I$3:$O$3,Assumptions!$A$17,$I58:$O58)*N($G58) -> 0 | V58: =SUMIF($I$3:$O$3,Assumptions!$A$18,$I58:$O58)*N($G58) -> 0 | W58: =SUMIF($I$3:$O$3,Assumptions!$A$19,$I58:$O58)*N($G58) -> 0 | X58: =S58*Assumptions!$B$15+T58*Assumptions!$B$16+U58*Assumptions!$B$17+V58*Assumptions!$B$18+W58*Assumptions!$B$19 -> 0 | Y58: =IF(D58="","",H58-X58) | Z58: =IF(OR(D58="",H58=0),"",X58/H58) | AA58: =IF(D58="Active",1,IF(D58="Prospective",IF(Assumptions!$B$6="Active only",0,Assumptions!$B$7),0)) -> 0 | AB58: =IF(COUNTA(C58,E58,H58,I58:O58)=0,"",IF(C58="","Select phase",IF(OR(E58="",F58=""),"Enter dates",IF(F58<E58,"End before start",IF(H58="","Enter phase fee",IF(P58=0,"Enter staff hours",IF(R58<0,"Over-mapped on Timeline",IF(R58>0,"Map hours on Timeline","OK")))))))) | AC58: Phase | AD58: =IF(AC58="Phase",N(G58),0) -> 0
A59: =IF(A52="","",A52) -> 2489 | B59: =IF(B52="","",B52) -> Harbor Mobility Hub | D59: =IF(COUNTA(C59,E59,H59,I59:O59)=0,"",IF(D52="","",D52)) | F59: =IF(_xlfn.ISFORMULA(G59),"",IF(AND(E59<>"",N(G59)>0),E59+7*G59-1,"")) | G59: =IF(OR(E59="",F59=""),"",IF(F59<E59,"",ROUNDUP((F59-E59+1)/7,0))) | P59: =SUM(I59:O59)*N(G59) -> 0 | Q59: {=IF(OR(A59="",E59="",F59=""),0,SUMPRODUCT((tlNo=A59)*(Timeline!$H$18:$BG$18+6>=E59)*(Timeline!$H$18:$BG$18<=F59)*Timeline!$H$20:$BG$378))} -> 0 | R59: =P59-Q59 -> 0 | S59: =SUMIF($I$3:$O$3,Assumptions!$A$15,$I59:$O59)*N($G59) -> 0 | T59: =SUMIF($I$3:$O$3,Assumptions!$A$16,$I59:$O59)*N($G59) -> 0 | U59: =SUMIF($I$3:$O$3,Assumptions!$A$17,$I59:$O59)*N($G59) -> 0 | V59: =SUMIF($I$3:$O$3,Assumptions!$A$18,$I59:$O59)*N($G59) -> 0 | W59: =SUMIF($I$3:$O$3,Assumptions!$A$19,$I59:$O59)*N($G59) -> 0 | X59: =S59*Assumptions!$B$15+T59*Assumptions!$B$16+U59*Assumptions!$B$17+V59*Assumptions!$B$18+W59*Assumptions!$B$19 -> 0 | Y59: =IF(D59="","",H59-X59) | Z59: =IF(OR(D59="",H59=0),"",X59/H59) | AA59: =IF(D59="Active",1,IF(D59="Prospective",IF(Assumptions!$B$6="Active only",0,Assumptions!$B$7),0)) -> 0 | AB59: =IF(COUNTA(C59,E59,H59,I59:O59)=0,"",IF(C59="","Select phase",IF(OR(E59="",F59=""),"Enter dates",IF(F59<E59,"End before start",IF(H59="","Enter phase fee",IF(P59=0,"Enter staff hours",IF(R59<0,"Over-mapped on Timeline",IF(R59>0,"Map hours on Timeline","OK")))))))) | AC59: Phase | AD59: =IF(AC59="Phase",N(G59),0) -> 0
A60: =IF(A52="","",A52) -> 2489 | B60: =IF(B52="","",B52) -> Harbor Mobility Hub | D60: =IF(COUNTA(C60,E60,H60,I60:O60)=0,"",IF(D52="","",D52)) | F60: =IF(_xlfn.ISFORMULA(G60),"",IF(AND(E60<>"",N(G60)>0),E60+7*G60-1,"")) | G60: =IF(OR(E60="",F60=""),"",IF(F60<E60,"",ROUNDUP((F60-E60+1)/7,0))) | P60: =SUM(I60:O60)*N(G60) -> 0 | Q60: {=IF(OR(A60="",E60="",F60=""),0,SUMPRODUCT((tlNo=A60)*(Timeline!$H$18:$BG$18+6>=E60)*(Timeline!$H$18:$BG$18<=F60)*Timeline!$H$20:$BG$378))} -> 0 | R60: =P60-Q60 -> 0 | S60: =SUMIF($I$3:$O$3,Assumptions!$A$15,$I60:$O60)*N($G60) -> 0 | T60: =SUMIF($I$3:$O$3,Assumptions!$A$16,$I60:$O60)*N($G60) -> 0 | U60: =SUMIF($I$3:$O$3,Assumptions!$A$17,$I60:$O60)*N($G60) -> 0 | V60: =SUMIF($I$3:$O$3,Assumptions!$A$18,$I60:$O60)*N($G60) -> 0 | W60: =SUMIF($I$3:$O$3,Assumptions!$A$19,$I60:$O60)*N($G60) -> 0 | X60: =S60*Assumptions!$B$15+T60*Assumptions!$B$16+U60*Assumptions!$B$17+V60*Assumptions!$B$18+W60*Assumptions!$B$19 -> 0 | Y60: =IF(D60="","",H60-X60) | Z60: =IF(OR(D60="",H60=0),"",X60/H60) | AA60: =IF(D60="Active",1,IF(D60="Prospective",IF(Assumptions!$B$6="Active only",0,Assumptions!$B$7),0)) -> 0 | AB60: =IF(COUNTA(C60,E60,H60,I60:O60)=0,"",IF(C60="","Select phase",IF(OR(E60="",F60=""),"Enter dates",IF(F60<E60,"End before start",IF(H60="","Enter phase fee",IF(P60=0,"Enter staff hours",IF(R60<0,"Over-mapped on Timeline",IF(R60>0,"Map hours on Timeline","OK")))))))) | AC60: Phase | AD60: =IF(AC60="Phase",N(G60),0) -> 0
A61: 2494 | B61: Laurel Park Garden | C61: Project total | D61: Active | E61: =IF(COUNT(E62:E64)=0,"",MIN(E62:E64)) | F61: =IF(COUNT(F62:F64)=0,"",MAX(F62:F64)) | H61: =SUM(H62:H64) -> 88000 | P61: =SUM(P62:P64) -> 0 | Q61: =SUM(Q62:Q64) -> 0 | R61: =P61-Q61 -> 0 | S61: =SUM(S62:S64) -> 0 | T61: =SUM(T62:T64) -> 0 | U61: =SUM(U62:U64) -> 0 | V61: =SUM(V62:V64) -> 0 | W61: =SUM(W62:W64) -> 0 | X61: =SUM(X62:X64) -> 0 | Y61: =H61-X61 -> 88000 | Z61: =IF(H61=0,"",X61/H61) -> 0 | AB61: =IF(COUNTIF(AB62:AB64,"?*")=0,"No phases yet",IF(COUNTIF(AB62:AB64,"OK")=COUNTIF(AB62:AB64,"?*"),"All OK",(COUNTIF(AB62:AB64,"?*")-COUNTIF(AB62:AB64,"OK"))&" to fix")) -> 3 to fix | AC61: Project | AD61: =IF(AC61="Phase",N(G61),0) -> 0
A62: =IF(A61="","",A61) -> 2494 | B62: =IF(B61="","",B61) -> Laurel Park Garden | C62: CD | D62: =IF(COUNTA(C62,E62,H62,I62:O62)=0,"",IF(D61="","",D61)) -> Active | F62: =IF(_xlfn.ISFORMULA(G62),"",IF(AND(E62<>"",N(G62)>0),E62+7*G62-1,"")) | G62: =IF(OR(E62="",F62=""),"",IF(F62<E62,"",ROUNDUP((F62-E62+1)/7,0))) | H62: 56000 | P62: =SUM(I62:O62)*N(G62) -> 0 | Q62: {=IF(OR(A62="",E62="",F62=""),0,SUMPRODUCT((tlNo=A62)*(Timeline!$H$18:$BG$18+6>=E62)*(Timeline!$H$18:$BG$18<=F62)*Timeline!$H$20:$BG$378))} -> 0 | R62: =P62-Q62 -> 0 | S62: =SUMIF($I$3:$O$3,Assumptions!$A$15,$I62:$O62)*N($G62) -> 0 | T62: =SUMIF($I$3:$O$3,Assumptions!$A$16,$I62:$O62)*N($G62) -> 0 | U62: =SUMIF($I$3:$O$3,Assumptions!$A$17,$I62:$O62)*N($G62) -> 0 | V62: =SUMIF($I$3:$O$3,Assumptions!$A$18,$I62:$O62)*N($G62) -> 0 | W62: =SUMIF($I$3:$O$3,Assumptions!$A$19,$I62:$O62)*N($G62) -> 0 | X62: =S62*Assumptions!$B$15+T62*Assumptions!$B$16+U62*Assumptions!$B$17+V62*Assumptions!$B$18+W62*Assumptions!$B$19 -> 0 | Y62: =IF(D62="","",H62-X62) -> 56000 | Z62: =IF(OR(D62="",H62=0),"",X62/H62) -> 0 | AA62: =IF(D62="Active",1,IF(D62="Prospective",IF(Assumptions!$B$6="Active only",0,Assumptions!$B$7),0)) -> 1 | AB62: =IF(COUNTA(C62,E62,H62,I62:O62)=0,"",IF(C62="","Select phase",IF(OR(E62="",F62=""),"Enter dates",IF(F62<E62,"End before start",IF(H62="","Enter phase fee",IF(P62=0,"Enter staff hours",IF(R62<0,"Over-mapped on Timeline",IF(R62>0,"Map hours on Timeline","OK")))))))) -> Enter dates | AC62: Phase | AD62: =IF(AC62="Phase",N(G62),0) -> 0
A63: =IF(A61="","",A61) -> 2494 | B63: =IF(B61="","",B61) -> Laurel Park Garden | C63: Permitting | D63: =IF(COUNTA(C63,E63,H63,I63:O63)=0,"",IF(D61="","",D61)) -> Active | F63: =IF(_xlfn.ISFORMULA(G63),"",IF(AND(E63<>"",N(G63)>0),E63+7*G63-1,"")) | G63: =IF(OR(E63="",F63=""),"",IF(F63<E63,"",ROUNDUP((F63-E63+1)/7,0))) | H63: 6500 | P63: =SUM(I63:O63)*N(G63) -> 0 | Q63: {=IF(OR(A63="",E63="",F63=""),0,SUMPRODUCT((tlNo=A63)*(Timeline!$H$18:$BG$18+6>=E63)*(Timeline!$H$18:$BG$18<=F63)*Timeline!$H$20:$BG$378))} -> 0 | R63: =P63-Q63 -> 0 | S63: =SUMIF($I$3:$O$3,Assumptions!$A$15,$I63:$O63)*N($G63) -> 0 | T63: =SUMIF($I$3:$O$3,Assumptions!$A$16,$I63:$O63)*N($G63) -> 0 | U63: =SUMIF($I$3:$O$3,Assumptions!$A$17,$I63:$O63)*N($G63) -> 0 | V63: =SUMIF($I$3:$O$3,Assumptions!$A$18,$I63:$O63)*N($G63) -> 0 | W63: =SUMIF($I$3:$O$3,Assumptions!$A$19,$I63:$O63)*N($G63) -> 0 | X63: =S63*Assumptions!$B$15+T63*Assumptions!$B$16+U63*Assumptions!$B$17+V63*Assumptions!$B$18+W63*Assumptions!$B$19 -> 0 | Y63: =IF(D63="","",H63-X63) -> 6500 | Z63: =IF(OR(D63="",H63=0),"",X63/H63) -> 0 | AA63: =IF(D63="Active",1,IF(D63="Prospective",IF(Assumptions!$B$6="Active only",0,Assumptions!$B$7),0)) -> 1 | AB63: =IF(COUNTA(C63,E63,H63,I63:O63)=0,"",IF(C63="","Select phase",IF(OR(E63="",F63=""),"Enter dates",IF(F63<E63,"End before start",IF(H63="","Enter phase fee",IF(P63=0,"Enter staff hours",IF(R63<0,"Over-mapped on Timeline",IF(R63>0,"Map hours on Timeline","OK")))))))) -> Enter dates | AC63: Phase | AD63: =IF(AC63="Phase",N(G63),0) -> 0
A64: =IF(A61="","",A61) -> 2494 | B64: =IF(B61="","",B61) -> Laurel Park Garden | C64: CA | D64: =IF(COUNTA(C64,E64,H64,I64:O64)=0,"",IF(D61="","",D61)) -> Active | F64: =IF(_xlfn.ISFORMULA(G64),"",IF(AND(E64<>"",N(G64)>0),E64+7*G64-1,"")) | G64: =IF(OR(E64="",F64=""),"",IF(F64<E64,"",ROUNDUP((F64-E64+1)/7,0))) | H64: 25500 | P64: =SUM(I64:O64)*N(G64) -> 0 | Q64: {=IF(OR(A64="",E64="",F64=""),0,SUMPRODUCT((tlNo=A64)*(Timeline!$H$18:$BG$18+6>=E64)*(Timeline!$H$18:$BG$18<=F64)*Timeline!$H$20:$BG$378))} -> 0 | R64: =P64-Q64 -> 0 | S64: =SUMIF($I$3:$O$3,Assumptions!$A$15,$I64:$O64)*N($G64) -> 0 | T64: =SUMIF($I$3:$O$3,Assumptions!$A$16,$I64:$O64)*N($G64) -> 0 | U64: =SUMIF($I$3:$O$3,Assumptions!$A$17,$I64:$O64)*N($G64) -> 0 | V64: =SUMIF($I$3:$O$3,Assumptions!$A$18,$I64:$O64)*N($G64) -> 0 | W64: =SUMIF($I$3:$O$3,Assumptions!$A$19,$I64:$O64)*N($G64) -> 0 | X64: =S64*Assumptions!$B$15+T64*Assumptions!$B$16+U64*Assumptions!$B$17+V64*Assumptions!$B$18+W64*Assumptions!$B$19 -> 0 | Y64: =IF(D64="","",H64-X64) -> 25500 | Z64: =IF(OR(D64="",H64=0),"",X64/H64) -> 0 | AA64: =IF(D64="Active",1,IF(D64="Prospective",IF(Assumptions!$B$6="Active only",0,Assumptions!$B$7),0)) -> 1 | AB64: =IF(COUNTA(C64,E64,H64,I64:O64)=0,"",IF(C64="","Select phase",IF(OR(E64="",F64=""),"Enter dates",IF(F64<E64,"End before start",IF(H64="","Enter phase fee",IF(P64=0,"Enter staff hours",IF(R64<0,"Over-mapped on Timeline",IF(R64>0,"Map hours on Timeline","OK")))))))) -> Enter dates | AC64: Phase | AD64: =IF(AC64="Phase",N(G64),0) -> 0
A65: 2499 | B65: Zephyr Creative Office | C65: Project total | D65: Active | E65: =IF(COUNT(E66:E66)=0,"",MIN(E66:E66)) -> 46307 | F65: =IF(COUNT(F66:F66)=0,"",MAX(F66:F66)) -> 46376 | H65: =SUM(H66:H66) -> 76500 | P65: =SUM(P66:P66) -> 300 | Q65: =SUM(Q66:Q66) -> 300 | R65: =P65-Q65 -> 0 | S65: =SUM(S66:S66) -> 40 | T65: =SUM(T66:T66) -> 80 | U65: =SUM(U66:U66) -> 0 | V65: =SUM(V66:V66) -> 180 | W65: =SUM(W66:W66) -> 0 | X65: =SUM(X66:X66) -> 63100 | Y65: =H65-X65 -> 13400 | Z65: =IF(H65=0,"",X65/H65) -> 0.8248366 | AB65: =IF(COUNTIF(AB66:AB66,"?*")=0,"No phases yet",IF(COUNTIF(AB66:AB66,"OK")=COUNTIF(AB66:AB66,"?*"),"All OK",(COUNTIF(AB66:AB66,"?*")-COUNTIF(AB66:AB66,"OK"))&" to fix")) -> All OK | AC65: Project | AD65: =IF(AC65="Phase",N(G65),0) -> 0
A66: =IF(A65="","",A65) -> 2499 | B66: =IF(B65="","",B65) -> Zephyr Creative Office | C66: CD | D66: =IF(COUNTA(C66,E66,H66,I66:O66)=0,"",IF(D65="","",D65)) -> Active | E66: 46307 | F66: =IF(_xlfn.ISFORMULA(G66),"",IF(AND(E66<>"",N(G66)>0),E66+7*G66-1,"")) -> 46376 | G66: 10 | H66: 76500 | I66: 4 | K66: 8 | N66: 18 | P66: =SUM(I66:O66)*N(G66) -> 300 | Q66: {=IF(OR(A66="",E66="",F66=""),0,SUMPRODUCT((tlNo=A66)*(Timeline!$H$18:$BG$18+6>=E66)*(Timeline!$H$18:$BG$18<=F66)*Timeline!$H$20:$BG$378))} -> 300 | R66: =P66-Q66 -> 0 | S66: =SUMIF($I$3:$O$3,Assumptions!$A$15,$I66:$O66)*N($G66) -> 40 | T66: =SUMIF($I$3:$O$3,Assumptions!$A$16,$I66:$O66)*N($G66) -> 80 | U66: =SUMIF($I$3:$O$3,Assumptions!$A$17,$I66:$O66)*N($G66) -> 0 | V66: =SUMIF($I$3:$O$3,Assumptions!$A$18,$I66:$O66)*N($G66) -> 180 | W66: =SUMIF($I$3:$O$3,Assumptions!$A$19,$I66:$O66)*N($G66) -> 0 | X66: =S66*Assumptions!$B$15+T66*Assumptions!$B$16+U66*Assumptions!$B$17+V66*Assumptions!$B$18+W66*Assumptions!$B$19 -> 63100 | Y66: =IF(D66="","",H66-X66) -> 13400 | Z66: =IF(OR(D66="",H66=0),"",X66/H66) -> 0.8248366 | AA66: =IF(D66="Active",1,IF(D66="Prospective",IF(Assumptions!$B$6="Active only",0,Assumptions!$B$7),0)) -> 1 | AB66: =IF(COUNTA(C66,E66,H66,I66:O66)=0,"",IF(C66="","Select phase",IF(OR(E66="",F66=""),"Enter dates",IF(F66<E66,"End before start",IF(H66="","Enter phase fee",IF(P66=0,"Enter staff hours",IF(R66<0,"Over-mapped on Timeline",IF(R66>0,"Map hours on Timeline","OK")))))))) -> OK | AC66: Phase | AD66: =IF(AC66="Phase",N(G66),0) -> 10
A67: 2545 | B67: Mariner Courtyard | C67: Project total | D67: Inactive | E67: =IF(COUNT(E68:E75)=0,"",MIN(E68:E75)) | F67: =IF(COUNT(F68:F75)=0,"",MAX(F68:F75)) | H67: =SUM(H68:H75) -> 0 | P67: =SUM(P68:P75) -> 0 | Q67: =SUM(Q68:Q75) -> 0 | R67: =P67-Q67 -> 0 | S67: =SUM(S68:S75) -> 0 | T67: =SUM(T68:T75) -> 0 | U67: =SUM(U68:U75) -> 0 | V67: =SUM(V68:V75) -> 0 | W67: =SUM(W68:W75) -> 0 | X67: =SUM(X68:X75) -> 0 | Y67: =H67-X67 -> 0 | Z67: =IF(H67=0,"",X67/H67) | AB67: =IF(COUNTIF(AB68:AB75,"?*")=0,"No phases yet",IF(COUNTIF(AB68:AB75,"OK")=COUNTIF(AB68:AB75,"?*"),"All OK",(COUNTIF(AB68:AB75,"?*")-COUNTIF(AB68:AB75,"OK"))&" to fix")) -> No phases yet | AC67: Project | AD67: =IF(AC67="Phase",N(G67),0) -> 0
A68: =IF(A67="","",A67) -> 2545 | B68: =IF(B67="","",B67) -> Mariner Courtyard | D68: =IF(COUNTA(C68,E68,H68,I68:O68)=0,"",IF(D67="","",D67)) | F68: =IF(_xlfn.ISFORMULA(G68),"",IF(AND(E68<>"",N(G68)>0),E68+7*G68-1,"")) | G68: =IF(OR(E68="",F68=""),"",IF(F68<E68,"",ROUNDUP((F68-E68+1)/7,0))) | P68: =SUM(I68:O68)*N(G68) -> 0 | Q68: {=IF(OR(A68="",E68="",F68=""),0,SUMPRODUCT((tlNo=A68)*(Timeline!$H$18:$BG$18+6>=E68)*(Timeline!$H$18:$BG$18<=F68)*Timeline!$H$20:$BG$378))} -> 0 | R68: =P68-Q68 -> 0 | S68: =SUMIF($I$3:$O$3,Assumptions!$A$15,$I68:$O68)*N($G68) -> 0 | T68: =SUMIF($I$3:$O$3,Assumptions!$A$16,$I68:$O68)*N($G68) -> 0 | U68: =SUMIF($I$3:$O$3,Assumptions!$A$17,$I68:$O68)*N($G68) -> 0 | V68: =SUMIF($I$3:$O$3,Assumptions!$A$18,$I68:$O68)*N($G68) -> 0 | W68: =SUMIF($I$3:$O$3,Assumptions!$A$19,$I68:$O68)*N($G68) -> 0 | X68: =S68*Assumptions!$B$15+T68*Assumptions!$B$16+U68*Assumptions!$B$17+V68*Assumptions!$B$18+W68*Assumptions!$B$19 -> 0 | Y68: =IF(D68="","",H68-X68) | Z68: =IF(OR(D68="",H68=0),"",X68/H68) | AA68: =IF(D68="Active",1,IF(D68="Prospective",IF(Assumptions!$B$6="Active only",0,Assumptions!$B$7),0)) -> 0 | AB68: =IF(COUNTA(C68,E68,H68,I68:O68)=0,"",IF(C68="","Select phase",IF(OR(E68="",F68=""),"Enter dates",IF(F68<E68,"End before start",IF(H68="","Enter phase fee",IF(P68=0,"Enter staff hours",IF(R68<0,"Over-mapped on Timeline",IF(R68>0,"Map hours on Timeline","OK")))))))) | AC68: Phase | AD68: =IF(AC68="Phase",N(G68),0) -> 0
A69: =IF(A67="","",A67) -> 2545 | B69: =IF(B67="","",B67) -> Mariner Courtyard | D69: =IF(COUNTA(C69,E69,H69,I69:O69)=0,"",IF(D67="","",D67)) | F69: =IF(_xlfn.ISFORMULA(G69),"",IF(AND(E69<>"",N(G69)>0),E69+7*G69-1,"")) | G69: =IF(OR(E69="",F69=""),"",IF(F69<E69,"",ROUNDUP((F69-E69+1)/7,0))) | P69: =SUM(I69:O69)*N(G69) -> 0 | Q69: {=IF(OR(A69="",E69="",F69=""),0,SUMPRODUCT((tlNo=A69)*(Timeline!$H$18:$BG$18+6>=E69)*(Timeline!$H$18:$BG$18<=F69)*Timeline!$H$20:$BG$378))} -> 0 | R69: =P69-Q69 -> 0 | S69: =SUMIF($I$3:$O$3,Assumptions!$A$15,$I69:$O69)*N($G69) -> 0 | T69: =SUMIF($I$3:$O$3,Assumptions!$A$16,$I69:$O69)*N($G69) -> 0 | U69: =SUMIF($I$3:$O$3,Assumptions!$A$17,$I69:$O69)*N($G69) -> 0 | V69: =SUMIF($I$3:$O$3,Assumptions!$A$18,$I69:$O69)*N($G69) -> 0 | W69: =SUMIF($I$3:$O$3,Assumptions!$A$19,$I69:$O69)*N($G69) -> 0 | X69: =S69*Assumptions!$B$15+T69*Assumptions!$B$16+U69*Assumptions!$B$17+V69*Assumptions!$B$18+W69*Assumptions!$B$19 -> 0 | Y69: =IF(D69="","",H69-X69) | Z69: =IF(OR(D69="",H69=0),"",X69/H69) | AA69: =IF(D69="Active",1,IF(D69="Prospective",IF(Assumptions!$B$6="Active only",0,Assumptions!$B$7),0)) -> 0 | AB69: =IF(COUNTA(C69,E69,H69,I69:O69)=0,"",IF(C69="","Select phase",IF(OR(E69="",F69=""),"Enter dates",IF(F69<E69,"End before start",IF(H69="","Enter phase fee",IF(P69=0,"Enter staff hours",IF(R69<0,"Over-mapped on Timeline",IF(R69>0,"Map hours on Timeline","OK")))))))) | AC69: Phase | AD69: =IF(AC69="Phase",N(G69),0) -> 0
A70: =IF(A67="","",A67) -> 2545 | B70: =IF(B67="","",B67) -> Mariner Courtyard | D70: =IF(COUNTA(C70,E70,H70,I70:O70)=0,"",IF(D67="","",D67)) | F70: =IF(_xlfn.ISFORMULA(G70),"",IF(AND(E70<>"",N(G70)>0),E70+7*G70-1,"")) | G70: =IF(OR(E70="",F70=""),"",IF(F70<E70,"",ROUNDUP((F70-E70+1)/7,0))) | P70: =SUM(I70:O70)*N(G70) -> 0 | Q70: {=IF(OR(A70="",E70="",F70=""),0,SUMPRODUCT((tlNo=A70)*(Timeline!$H$18:$BG$18+6>=E70)*(Timeline!$H$18:$BG$18<=F70)*Timeline!$H$20:$BG$378))} -> 0 | R70: =P70-Q70 -> 0 | S70: =SUMIF($I$3:$O$3,Assumptions!$A$15,$I70:$O70)*N($G70) -> 0 | T70: =SUMIF($I$3:$O$3,Assumptions!$A$16,$I70:$O70)*N($G70) -> 0 | U70: =SUMIF($I$3:$O$3,Assumptions!$A$17,$I70:$O70)*N($G70) -> 0 | V70: =SUMIF($I$3:$O$3,Assumptions!$A$18,$I70:$O70)*N($G70) -> 0 | W70: =SUMIF($I$3:$O$3,Assumptions!$A$19,$I70:$O70)*N($G70) -> 0 | X70: =S70*Assumptions!$B$15+T70*Assumptions!$B$16+U70*Assumptions!$B$17+V70*Assumptions!$B$18+W70*Assumptions!$B$19 -> 0 | Y70: =IF(D70="","",H70-X70) | Z70: =IF(OR(D70="",H70=0),"",X70/H70) | AA70: =IF(D70="Active",1,IF(D70="Prospective",IF(Assumptions!$B$6="Active only",0,Assumptions!$B$7),0)) -> 0 | AB70: =IF(COUNTA(C70,E70,H70,I70:O70)=0,"",IF(C70="","Select phase",IF(OR(E70="",F70=""),"Enter dates",IF(F70<E70,"End before start",IF(H70="","Enter phase fee",IF(P70=0,"Enter staff hours",IF(R70<0,"Over-mapped on Timeline",IF(R70>0,"Map hours on Timeline","OK")))))))) | AC70: Phase | AD70: =IF(AC70="Phase",N(G70),0) -> 0
A71: =IF(A67="","",A67) -> 2545 | B71: =IF(B67="","",B67) -> Mariner Courtyard | D71: =IF(COUNTA(C71,E71,H71,I71:O71)=0,"",IF(D67="","",D67)) | F71: =IF(_xlfn.ISFORMULA(G71),"",IF(AND(E71<>"",N(G71)>0),E71+7*G71-1,"")) | G71: =IF(OR(E71="",F71=""),"",IF(F71<E71,"",ROUNDUP((F71-E71+1)/7,0))) | P71: =SUM(I71:O71)*N(G71) -> 0 | Q71: {=IF(OR(A71="",E71="",F71=""),0,SUMPRODUCT((tlNo=A71)*(Timeline!$H$18:$BG$18+6>=E71)*(Timeline!$H$18:$BG$18<=F71)*Timeline!$H$20:$BG$378))} -> 0 | R71: =P71-Q71 -> 0 | S71: =SUMIF($I$3:$O$3,Assumptions!$A$15,$I71:$O71)*N($G71) -> 0 | T71: =SUMIF($I$3:$O$3,Assumptions!$A$16,$I71:$O71)*N($G71) -> 0 | U71: =SUMIF($I$3:$O$3,Assumptions!$A$17,$I71:$O71)*N($G71) -> 0 | V71: =SUMIF($I$3:$O$3,Assumptions!$A$18,$I71:$O71)*N($G71) -> 0 | W71: =SUMIF($I$3:$O$3,Assumptions!$A$19,$I71:$O71)*N($G71) -> 0 | X71: =S71*Assumptions!$B$15+T71*Assumptions!$B$16+U71*Assumptions!$B$17+V71*Assumptions!$B$18+W71*Assumptions!$B$19 -> 0 | Y71: =IF(D71="","",H71-X71) | Z71: =IF(OR(D71="",H71=0),"",X71/H71) | AA71: =IF(D71="Active",1,IF(D71="Prospective",IF(Assumptions!$B$6="Active only",0,Assumptions!$B$7),0)) -> 0 | AB71: =IF(COUNTA(C71,E71,H71,I71:O71)=0,"",IF(C71="","Select phase",IF(OR(E71="",F71=""),"Enter dates",IF(F71<E71,"End before start",IF(H71="","Enter phase fee",IF(P71=0,"Enter staff hours",IF(R71<0,"Over-mapped on Timeline",IF(R71>0,"Map hours on Timeline","OK")))))))) | AC71: Phase | AD71: =IF(AC71="Phase",N(G71),0) -> 0
A72: =IF(A67="","",A67) -> 2545 | B72: =IF(B67="","",B67) -> Mariner Courtyard | D72: =IF(COUNTA(C72,E72,H72,I72:O72)=0,"",IF(D67="","",D67)) | F72: =IF(_xlfn.ISFORMULA(G72),"",IF(AND(E72<>"",N(G72)>0),E72+7*G72-1,"")) | G72: =IF(OR(E72="",F72=""),"",IF(F72<E72,"",ROUNDUP((F72-E72+1)/7,0))) | P72: =SUM(I72:O72)*N(G72) -> 0 | Q72: {=IF(OR(A72="",E72="",F72=""),0,SUMPRODUCT((tlNo=A72)*(Timeline!$H$18:$BG$18+6>=E72)*(Timeline!$H$18:$BG$18<=F72)*Timeline!$H$20:$BG$378))} -> 0 | R72: =P72-Q72 -> 0 | S72: =SUMIF($I$3:$O$3,Assumptions!$A$15,$I72:$O72)*N($G72) -> 0 | T72: =SUMIF($I$3:$O$3,Assumptions!$A$16,$I72:$O72)*N($G72) -> 0 | U72: =SUMIF($I$3:$O$3,Assumptions!$A$17,$I72:$O72)*N($G72) -> 0 | V72: =SUMIF($I$3:$O$3,Assumptions!$A$18,$I72:$O72)*N($G72) -> 0 | W72: =SUMIF($I$3:$O$3,Assumptions!$A$19,$I72:$O72)*N($G72) -> 0 | X72: =S72*Assumptions!$B$15+T72*Assumptions!$B$16+U72*Assumptions!$B$17+V72*Assumptions!$B$18+W72*Assumptions!$B$19 -> 0 | Y72: =IF(D72="","",H72-X72) | Z72: =IF(OR(D72="",H72=0),"",X72/H72) | AA72: =IF(D72="Active",1,IF(D72="Prospective",IF(Assumptions!$B$6="Active only",0,Assumptions!$B$7),0)) -> 0 | AB72: =IF(COUNTA(C72,E72,H72,I72:O72)=0,"",IF(C72="","Select phase",IF(OR(E72="",F72=""),"Enter dates",IF(F72<E72,"End before start",IF(H72="","Enter phase fee",IF(P72=0,"Enter staff hours",IF(R72<0,"Over-mapped on Timeline",IF(R72>0,"Map hours on Timeline","OK")))))))) | AC72: Phase | AD72: =IF(AC72="Phase",N(G72),0) -> 0
A73: =IF(A67="","",A67) -> 2545 | B73: =IF(B67="","",B67) -> Mariner Courtyard | D73: =IF(COUNTA(C73,E73,H73,I73:O73)=0,"",IF(D67="","",D67)) | F73: =IF(_xlfn.ISFORMULA(G73),"",IF(AND(E73<>"",N(G73)>0),E73+7*G73-1,"")) | G73: =IF(OR(E73="",F73=""),"",IF(F73<E73,"",ROUNDUP((F73-E73+1)/7,0))) | P73: =SUM(I73:O73)*N(G73) -> 0 | Q73: {=IF(OR(A73="",E73="",F73=""),0,SUMPRODUCT((tlNo=A73)*(Timeline!$H$18:$BG$18+6>=E73)*(Timeline!$H$18:$BG$18<=F73)*Timeline!$H$20:$BG$378))} -> 0 | R73: =P73-Q73 -> 0 | S73: =SUMIF($I$3:$O$3,Assumptions!$A$15,$I73:$O73)*N($G73) -> 0 | T73: =SUMIF($I$3:$O$3,Assumptions!$A$16,$I73:$O73)*N($G73) -> 0 | U73: =SUMIF($I$3:$O$3,Assumptions!$A$17,$I73:$O73)*N($G73) -> 0 | V73: =SUMIF($I$3:$O$3,Assumptions!$A$18,$I73:$O73)*N($G73) -> 0 | W73: =SUMIF($I$3:$O$3,Assumptions!$A$19,$I73:$O73)*N($G73) -> 0 | X73: =S73*Assumptions!$B$15+T73*Assumptions!$B$16+U73*Assumptions!$B$17+V73*Assumptions!$B$18+W73*Assumptions!$B$19 -> 0 | Y73: =IF(D73="","",H73-X73) | Z73: =IF(OR(D73="",H73=0),"",X73/H73) | AA73: =IF(D73="Active",1,IF(D73="Prospective",IF(Assumptions!$B$6="Active only",0,Assumptions!$B$7),0)) -> 0 | AB73: =IF(COUNTA(C73,E73,H73,I73:O73)=0,"",IF(C73="","Select phase",IF(OR(E73="",F73=""),"Enter dates",IF(F73<E73,"End before start",IF(H73="","Enter phase fee",IF(P73=0,"Enter staff hours",IF(R73<0,"Over-mapped on Timeline",IF(R73>0,"Map hours on Timeline","OK")))))))) | AC73: Phase | AD73: =IF(AC73="Phase",N(G73),0) -> 0
A74: =IF(A67="","",A67) -> 2545 | B74: =IF(B67="","",B67) -> Mariner Courtyard | D74: =IF(COUNTA(C74,E74,H74,I74:O74)=0,"",IF(D67="","",D67)) | F74: =IF(_xlfn.ISFORMULA(G74),"",IF(AND(E74<>"",N(G74)>0),E74+7*G74-1,"")) | G74: =IF(OR(E74="",F74=""),"",IF(F74<E74,"",ROUNDUP((F74-E74+1)/7,0))) | P74: =SUM(I74:O74)*N(G74) -> 0 | Q74: {=IF(OR(A74="",E74="",F74=""),0,SUMPRODUCT((tlNo=A74)*(Timeline!$H$18:$BG$18+6>=E74)*(Timeline!$H$18:$BG$18<=F74)*Timeline!$H$20:$BG$378))} -> 0 | R74: =P74-Q74 -> 0 | S74: =SUMIF($I$3:$O$3,Assumptions!$A$15,$I74:$O74)*N($G74) -> 0 | T74: =SUMIF($I$3:$O$3,Assumptions!$A$16,$I74:$O74)*N($G74) -> 0 | U74: =SUMIF($I$3:$O$3,Assumptions!$A$17,$I74:$O74)*N($G74) -> 0 | V74: =SUMIF($I$3:$O$3,Assumptions!$A$18,$I74:$O74)*N($G74) -> 0 | W74: =SUMIF($I$3:$O$3,Assumptions!$A$19,$I74:$O74)*N($G74) -> 0 | X74: =S74*Assumptions!$B$15+T74*Assumptions!$B$16+U74*Assumptions!$B$17+V74*Assumptions!$B$18+W74*Assumptions!$B$19 -> 0 | Y74: =IF(D74="","",H74-X74) | Z74: =IF(OR(D74="",H74=0),"",X74/H74) | AA74: =IF(D74="Active",1,IF(D74="Prospective",IF(Assumptions!$B$6="Active only",0,Assumptions!$B$7),0)) -> 0 | AB74: =IF(COUNTA(C74,E74,H74,I74:O74)=0,"",IF(C74="","Select phase",IF(OR(E74="",F74=""),"Enter dates",IF(F74<E74,"End before start",IF(H74="","Enter phase fee",IF(P74=0,"Enter staff hours",IF(R74<0,"Over-mapped on Timeline",IF(R74>0,"Map hours on Timeline","OK")))))))) | AC74: Phase | AD74: =IF(AC74="Phase",N(G74),0) -> 0
A75: =IF(A67="","",A67) -> 2545 | B75: =IF(B67="","",B67) -> Mariner Courtyard | D75: =IF(COUNTA(C75,E75,H75,I75:O75)=0,"",IF(D67="","",D67)) | F75: =IF(_xlfn.ISFORMULA(G75),"",IF(AND(E75<>"",N(G75)>0),E75+7*G75-1,"")) | G75: =IF(OR(E75="",F75=""),"",IF(F75<E75,"",ROUNDUP((F75-E75+1)/7,0))) | P75: =SUM(I75:O75)*N(G75) -> 0 | Q75: {=IF(OR(A75="",E75="",F75=""),0,SUMPRODUCT((tlNo=A75)*(Timeline!$H$18:$BG$18+6>=E75)*(Timeline!$H$18:$BG$18<=F75)*Timeline!$H$20:$BG$378))} -> 0 | R75: =P75-Q75 -> 0 | S75: =SUMIF($I$3:$O$3,Assumptions!$A$15,$I75:$O75)*N($G75) -> 0 | T75: =SUMIF($I$3:$O$3,Assumptions!$A$16,$I75:$O75)*N($G75) -> 0 | U75: =SUMIF($I$3:$O$3,Assumptions!$A$17,$I75:$O75)*N($G75) -> 0 | V75: =SUMIF($I$3:$O$3,Assumptions!$A$18,$I75:$O75)*N($G75) -> 0 | W75: =SUMIF($I$3:$O$3,Assumptions!$A$19,$I75:$O75)*N($G75) -> 0 | X75: =S75*Assumptions!$B$15+T75*Assumptions!$B$16+U75*Assumptions!$B$17+V75*Assumptions!$B$18+W75*Assumptions!$B$19 -> 0 | Y75: =IF(D75="","",H75-X75) | Z75: =IF(OR(D75="",H75=0),"",X75/H75) | AA75: =IF(D75="Active",1,IF(D75="Prospective",IF(Assumptions!$B$6="Active only",0,Assumptions!$B$7),0)) -> 0 | AB75: =IF(COUNTA(C75,E75,H75,I75:O75)=0,"",IF(C75="","Select phase",IF(OR(E75="",F75=""),"Enter dates",IF(F75<E75,"End before start",IF(H75="","Enter phase fee",IF(P75=0,"Enter staff hours",IF(R75<0,"Over-mapped on Timeline",IF(R75>0,"Map hours on Timeline","OK")))))))) | AC75: Phase | AD75: =IF(AC75="Phase",N(G75),0) -> 0
A76: 2550 | B76: Driftwood Park | C76: Project total | D76: Active | E76: =IF(COUNT(E77:E84)=0,"",MIN(E77:E84)) | F76: =IF(COUNT(F77:F84)=0,"",MAX(F77:F84)) | H76: =SUM(H77:H84) -> 0 | P76: =SUM(P77:P84) -> 0 | Q76: =SUM(Q77:Q84) -> 0 | R76: =P76-Q76 -> 0 | S76: =SUM(S77:S84) -> 0 | T76: =SUM(T77:T84) -> 0 | U76: =SUM(U77:U84) -> 0 | V76: =SUM(V77:V84) -> 0 | W76: =SUM(W77:W84) -> 0 | X76: =SUM(X77:X84) -> 0 | Y76: =H76-X76 -> 0 | Z76: =IF(H76=0,"",X76/H76) | AB76: =IF(COUNTIF(AB77:AB84,"?*")=0,"No phases yet",IF(COUNTIF(AB77:AB84,"OK")=COUNTIF(AB77:AB84,"?*"),"All OK",(COUNTIF(AB77:AB84,"?*")-COUNTIF(AB77:AB84,"OK"))&" to fix")) -> No phases yet | AC76: Project | AD76: =IF(AC76="Phase",N(G76),0) -> 0
A77: =IF(A76="","",A76) -> 2550 | B77: =IF(B76="","",B76) -> Driftwood Park | D77: =IF(COUNTA(C77,E77,H77,I77:O77)=0,"",IF(D76="","",D76)) | F77: =IF(_xlfn.ISFORMULA(G77),"",IF(AND(E77<>"",N(G77)>0),E77+7*G77-1,"")) | G77: =IF(OR(E77="",F77=""),"",IF(F77<E77,"",ROUNDUP((F77-E77+1)/7,0))) | P77: =SUM(I77:O77)*N(G77) -> 0 | Q77: {=IF(OR(A77="",E77="",F77=""),0,SUMPRODUCT((tlNo=A77)*(Timeline!$H$18:$BG$18+6>=E77)*(Timeline!$H$18:$BG$18<=F77)*Timeline!$H$20:$BG$378))} -> 0 | R77: =P77-Q77 -> 0 | S77: =SUMIF($I$3:$O$3,Assumptions!$A$15,$I77:$O77)*N($G77) -> 0 | T77: =SUMIF($I$3:$O$3,Assumptions!$A$16,$I77:$O77)*N($G77) -> 0 | U77: =SUMIF($I$3:$O$3,Assumptions!$A$17,$I77:$O77)*N($G77) -> 0 | V77: =SUMIF($I$3:$O$3,Assumptions!$A$18,$I77:$O77)*N($G77) -> 0 | W77: =SUMIF($I$3:$O$3,Assumptions!$A$19,$I77:$O77)*N($G77) -> 0 | X77: =S77*Assumptions!$B$15+T77*Assumptions!$B$16+U77*Assumptions!$B$17+V77*Assumptions!$B$18+W77*Assumptions!$B$19 -> 0 | Y77: =IF(D77="","",H77-X77) | Z77: =IF(OR(D77="",H77=0),"",X77/H77) | AA77: =IF(D77="Active",1,IF(D77="Prospective",IF(Assumptions!$B$6="Active only",0,Assumptions!$B$7),0)) -> 0 | AB77: =IF(COUNTA(C77,E77,H77,I77:O77)=0,"",IF(C77="","Select phase",IF(OR(E77="",F77=""),"Enter dates",IF(F77<E77,"End before start",IF(H77="","Enter phase fee",IF(P77=0,"Enter staff hours",IF(R77<0,"Over-mapped on Timeline",IF(R77>0,"Map hours on Timeline","OK")))))))) | AC77: Phase | AD77: =IF(AC77="Phase",N(G77),0) -> 0
A78: =IF(A76="","",A76) -> 2550 | B78: =IF(B76="","",B76) -> Driftwood Park | D78: =IF(COUNTA(C78,E78,H78,I78:O78)=0,"",IF(D76="","",D76)) | F78: =IF(_xlfn.ISFORMULA(G78),"",IF(AND(E78<>"",N(G78)>0),E78+7*G78-1,"")) | G78: =IF(OR(E78="",F78=""),"",IF(F78<E78,"",ROUNDUP((F78-E78+1)/7,0))) | P78: =SUM(I78:O78)*N(G78) -> 0 | Q78: {=IF(OR(A78="",E78="",F78=""),0,SUMPRODUCT((tlNo=A78)*(Timeline!$H$18:$BG$18+6>=E78)*(Timeline!$H$18:$BG$18<=F78)*Timeline!$H$20:$BG$378))} -> 0 | R78: =P78-Q78 -> 0 | S78: =SUMIF($I$3:$O$3,Assumptions!$A$15,$I78:$O78)*N($G78) -> 0 | T78: =SUMIF($I$3:$O$3,Assumptions!$A$16,$I78:$O78)*N($G78) -> 0 | U78: =SUMIF($I$3:$O$3,Assumptions!$A$17,$I78:$O78)*N($G78) -> 0 | V78: =SUMIF($I$3:$O$3,Assumptions!$A$18,$I78:$O78)*N($G78) -> 0 | W78: =SUMIF($I$3:$O$3,Assumptions!$A$19,$I78:$O78)*N($G78) -> 0 | X78: =S78*Assumptions!$B$15+T78*Assumptions!$B$16+U78*Assumptions!$B$17+V78*Assumptions!$B$18+W78*Assumptions!$B$19 -> 0 | Y78: =IF(D78="","",H78-X78) | Z78: =IF(OR(D78="",H78=0),"",X78/H78) | AA78: =IF(D78="Active",1,IF(D78="Prospective",IF(Assumptions!$B$6="Active only",0,Assumptions!$B$7),0)) -> 0 | AB78: =IF(COUNTA(C78,E78,H78,I78:O78)=0,"",IF(C78="","Select phase",IF(OR(E78="",F78=""),"Enter dates",IF(F78<E78,"End before start",IF(H78="","Enter phase fee",IF(P78=0,"Enter staff hours",IF(R78<0,"Over-mapped on Timeline",IF(R78>0,"Map hours on Timeline","OK")))))))) | AC78: Phase | AD78: =IF(AC78="Phase",N(G78),0) -> 0
A79: =IF(A76="","",A76) -> 2550 | B79: =IF(B76="","",B76) -> Driftwood Park | D79: =IF(COUNTA(C79,E79,H79,I79:O79)=0,"",IF(D76="","",D76)) | F79: =IF(_xlfn.ISFORMULA(G79),"",IF(AND(E79<>"",N(G79)>0),E79+7*G79-1,"")) | G79: =IF(OR(E79="",F79=""),"",IF(F79<E79,"",ROUNDUP((F79-E79+1)/7,0))) | P79: =SUM(I79:O79)*N(G79) -> 0 | Q79: {=IF(OR(A79="",E79="",F79=""),0,SUMPRODUCT((tlNo=A79)*(Timeline!$H$18:$BG$18+6>=E79)*(Timeline!$H$18:$BG$18<=F79)*Timeline!$H$20:$BG$378))} -> 0 | R79: =P79-Q79 -> 0 | S79: =SUMIF($I$3:$O$3,Assumptions!$A$15,$I79:$O79)*N($G79) -> 0 | T79: =SUMIF($I$3:$O$3,Assumptions!$A$16,$I79:$O79)*N($G79) -> 0 | U79: =SUMIF($I$3:$O$3,Assumptions!$A$17,$I79:$O79)*N($G79) -> 0 | V79: =SUMIF($I$3:$O$3,Assumptions!$A$18,$I79:$O79)*N($G79) -> 0 | W79: =SUMIF($I$3:$O$3,Assumptions!$A$19,$I79:$O79)*N($G79) -> 0 | X79: =S79*Assumptions!$B$15+T79*Assumptions!$B$16+U79*Assumptions!$B$17+V79*Assumptions!$B$18+W79*Assumptions!$B$19 -> 0 | Y79: =IF(D79="","",H79-X79) | Z79: =IF(OR(D79="",H79=0),"",X79/H79) | AA79: =IF(D79="Active",1,IF(D79="Prospective",IF(Assumptions!$B$6="Active only",0,Assumptions!$B$7),0)) -> 0 | AB79: =IF(COUNTA(C79,E79,H79,I79:O79)=0,"",IF(C79="","Select phase",IF(OR(E79="",F79=""),"Enter dates",IF(F79<E79,"End before start",IF(H79="","Enter phase fee",IF(P79=0,"Enter staff hours",IF(R79<0,"Over-mapped on Timeline",IF(R79>0,"Map hours on Timeline","OK")))))))) | AC79: Phase | AD79: =IF(AC79="Phase",N(G79),0) -> 0
A80: =IF(A76="","",A76) -> 2550 | B80: =IF(B76="","",B76) -> Driftwood Park | D80: =IF(COUNTA(C80,E80,H80,I80:O80)=0,"",IF(D76="","",D76)) | F80: =IF(_xlfn.ISFORMULA(G80),"",IF(AND(E80<>"",N(G80)>0),E80+7*G80-1,"")) | G80: =IF(OR(E80="",F80=""),"",IF(F80<E80,"",ROUNDUP((F80-E80+1)/7,0))) | P80: =SUM(I80:O80)*N(G80) -> 0 | Q80: {=IF(OR(A80="",E80="",F80=""),0,SUMPRODUCT((tlNo=A80)*(Timeline!$H$18:$BG$18+6>=E80)*(Timeline!$H$18:$BG$18<=F80)*Timeline!$H$20:$BG$378))} -> 0 | R80: =P80-Q80 -> 0 | S80: =SUMIF($I$3:$O$3,Assumptions!$A$15,$I80:$O80)*N($G80) -> 0 | T80: =SUMIF($I$3:$O$3,Assumptions!$A$16,$I80:$O80)*N($G80) -> 0 | U80: =SUMIF($I$3:$O$3,Assumptions!$A$17,$I80:$O80)*N($G80) -> 0 | V80: =SUMIF($I$3:$O$3,Assumptions!$A$18,$I80:$O80)*N($G80) -> 0 | W80: =SUMIF($I$3:$O$3,Assumptions!$A$19,$I80:$O80)*N($G80) -> 0 | X80: =S80*Assumptions!$B$15+T80*Assumptions!$B$16+U80*Assumptions!$B$17+V80*Assumptions!$B$18+W80*Assumptions!$B$19 -> 0 | Y80: =IF(D80="","",H80-X80) | Z80: =IF(OR(D80="",H80=0),"",X80/H80) | AA80: =IF(D80="Active",1,IF(D80="Prospective",IF(Assumptions!$B$6="Active only",0,Assumptions!$B$7),0)) -> 0 | AB80: =IF(COUNTA(C80,E80,H80,I80:O80)=0,"",IF(C80="","Select phase",IF(OR(E80="",F80=""),"Enter dates",IF(F80<E80,"End before start",IF(H80="","Enter phase fee",IF(P80=0,"Enter staff hours",IF(R80<0,"Over-mapped on Timeline",IF(R80>0,"Map hours on Timeline","OK")))))))) | AC80: Phase | AD80: =IF(AC80="Phase",N(G80),0) -> 0
A81: =IF(A76="","",A76) -> 2550 | B81: =IF(B76="","",B76) -> Driftwood Park | D81: =IF(COUNTA(C81,E81,H81,I81:O81)=0,"",IF(D76="","",D76)) | F81: =IF(_xlfn.ISFORMULA(G81),"",IF(AND(E81<>"",N(G81)>0),E81+7*G81-1,"")) | G81: =IF(OR(E81="",F81=""),"",IF(F81<E81,"",ROUNDUP((F81-E81+1)/7,0))) | P81: =SUM(I81:O81)*N(G81) -> 0 | Q81: {=IF(OR(A81="",E81="",F81=""),0,SUMPRODUCT((tlNo=A81)*(Timeline!$H$18:$BG$18+6>=E81)*(Timeline!$H$18:$BG$18<=F81)*Timeline!$H$20:$BG$378))} -> 0 | R81: =P81-Q81 -> 0 | S81: =SUMIF($I$3:$O$3,Assumptions!$A$15,$I81:$O81)*N($G81) -> 0 | T81: =SUMIF($I$3:$O$3,Assumptions!$A$16,$I81:$O81)*N($G81) -> 0 | U81: =SUMIF($I$3:$O$3,Assumptions!$A$17,$I81:$O81)*N($G81) -> 0 | V81: =SUMIF($I$3:$O$3,Assumptions!$A$18,$I81:$O81)*N($G81) -> 0 | W81: =SUMIF($I$3:$O$3,Assumptions!$A$19,$I81:$O81)*N($G81) -> 0 | X81: =S81*Assumptions!$B$15+T81*Assumptions!$B$16+U81*Assumptions!$B$17+V81*Assumptions!$B$18+W81*Assumptions!$B$19 -> 0 | Y81: =IF(D81="","",H81-X81) | Z81: =IF(OR(D81="",H81=0),"",X81/H81) | AA81: =IF(D81="Active",1,IF(D81="Prospective",IF(Assumptions!$B$6="Active only",0,Assumptions!$B$7),0)) -> 0 | AB81: =IF(COUNTA(C81,E81,H81,I81:O81)=0,"",IF(C81="","Select phase",IF(OR(E81="",F81=""),"Enter dates",IF(F81<E81,"End before start",IF(H81="","Enter phase fee",IF(P81=0,"Enter staff hours",IF(R81<0,"Over-mapped on Timeline",IF(R81>0,"Map hours on Timeline","OK")))))))) | AC81: Phase | AD81: =IF(AC81="Phase",N(G81),0) -> 0
A82: =IF(A76="","",A76) -> 2550 | B82: =IF(B76="","",B76) -> Driftwood Park | D82: =IF(COUNTA(C82,E82,H82,I82:O82)=0,"",IF(D76="","",D76)) | F82: =IF(_xlfn.ISFORMULA(G82),"",IF(AND(E82<>"",N(G82)>0),E82+7*G82-1,"")) | G82: =IF(OR(E82="",F82=""),"",IF(F82<E82,"",ROUNDUP((F82-E82+1)/7,0))) | P82: =SUM(I82:O82)*N(G82) -> 0 | Q82: {=IF(OR(A82="",E82="",F82=""),0,SUMPRODUCT((tlNo=A82)*(Timeline!$H$18:$BG$18+6>=E82)*(Timeline!$H$18:$BG$18<=F82)*Timeline!$H$20:$BG$378))} -> 0 | R82: =P82-Q82 -> 0 | S82: =SUMIF($I$3:$O$3,Assumptions!$A$15,$I82:$O82)*N($G82) -> 0 | T82: =SUMIF($I$3:$O$3,Assumptions!$A$16,$I82:$O82)*N($G82) -> 0 | U82: =SUMIF($I$3:$O$3,Assumptions!$A$17,$I82:$O82)*N($G82) -> 0 | V82: =SUMIF($I$3:$O$3,Assumptions!$A$18,$I82:$O82)*N($G82) -> 0 | W82: =SUMIF($I$3:$O$3,Assumptions!$A$19,$I82:$O82)*N($G82) -> 0 | X82: =S82*Assumptions!$B$15+T82*Assumptions!$B$16+U82*Assumptions!$B$17+V82*Assumptions!$B$18+W82*Assumptions!$B$19 -> 0 | Y82: =IF(D82="","",H82-X82) | Z82: =IF(OR(D82="",H82=0),"",X82/H82) | AA82: =IF(D82="Active",1,IF(D82="Prospective",IF(Assumptions!$B$6="Active only",0,Assumptions!$B$7),0)) -> 0 | AB82: =IF(COUNTA(C82,E82,H82,I82:O82)=0,"",IF(C82="","Select phase",IF(OR(E82="",F82=""),"Enter dates",IF(F82<E82,"End before start",IF(H82="","Enter phase fee",IF(P82=0,"Enter staff hours",IF(R82<0,"Over-mapped on Timeline",IF(R82>0,"Map hours on Timeline","OK")))))))) | AC82: Phase | AD82: =IF(AC82="Phase",N(G82),0) -> 0
A83: =IF(A76="","",A76) -> 2550 | B83: =IF(B76="","",B76) -> Driftwood Park | D83: =IF(COUNTA(C83,E83,H83,I83:O83)=0,"",IF(D76="","",D76)) | F83: =IF(_xlfn.ISFORMULA(G83),"",IF(AND(E83<>"",N(G83)>0),E83+7*G83-1,"")) | G83: =IF(OR(E83="",F83=""),"",IF(F83<E83,"",ROUNDUP((F83-E83+1)/7,0))) | P83: =SUM(I83:O83)*N(G83) -> 0 | Q83: {=IF(OR(A83="",E83="",F83=""),0,SUMPRODUCT((tlNo=A83)*(Timeline!$H$18:$BG$18+6>=E83)*(Timeline!$H$18:$BG$18<=F83)*Timeline!$H$20:$BG$378))} -> 0 | R83: =P83-Q83 -> 0 | S83: =SUMIF($I$3:$O$3,Assumptions!$A$15,$I83:$O83)*N($G83) -> 0 | T83: =SUMIF($I$3:$O$3,Assumptions!$A$16,$I83:$O83)*N($G83) -> 0 | U83: =SUMIF($I$3:$O$3,Assumptions!$A$17,$I83:$O83)*N($G83) -> 0 | V83: =SUMIF($I$3:$O$3,Assumptions!$A$18,$I83:$O83)*N($G83) -> 0 | W83: =SUMIF($I$3:$O$3,Assumptions!$A$19,$I83:$O83)*N($G83) -> 0 | X83: =S83*Assumptions!$B$15+T83*Assumptions!$B$16+U83*Assumptions!$B$17+V83*Assumptions!$B$18+W83*Assumptions!$B$19 -> 0 | Y83: =IF(D83="","",H83-X83) | Z83: =IF(OR(D83="",H83=0),"",X83/H83) | AA83: =IF(D83="Active",1,IF(D83="Prospective",IF(Assumptions!$B$6="Active only",0,Assumptions!$B$7),0)) -> 0 | AB83: =IF(COUNTA(C83,E83,H83,I83:O83)=0,"",IF(C83="","Select phase",IF(OR(E83="",F83=""),"Enter dates",IF(F83<E83,"End before start",IF(H83="","Enter phase fee",IF(P83=0,"Enter staff hours",IF(R83<0,"Over-mapped on Timeline",IF(R83>0,"Map hours on Timeline","OK")))))))) | AC83: Phase | AD83: =IF(AC83="Phase",N(G83),0) -> 0
A84: =IF(A76="","",A76) -> 2550 | B84: =IF(B76="","",B76) -> Driftwood Park | D84: =IF(COUNTA(C84,E84,H84,I84:O84)=0,"",IF(D76="","",D76)) | F84: =IF(_xlfn.ISFORMULA(G84),"",IF(AND(E84<>"",N(G84)>0),E84+7*G84-1,"")) | G84: =IF(OR(E84="",F84=""),"",IF(F84<E84,"",ROUNDUP((F84-E84+1)/7,0))) | P84: =SUM(I84:O84)*N(G84) -> 0 | Q84: {=IF(OR(A84="",E84="",F84=""),0,SUMPRODUCT((tlNo=A84)*(Timeline!$H$18:$BG$18+6>=E84)*(Timeline!$H$18:$BG$18<=F84)*Timeline!$H$20:$BG$378))} -> 0 | R84: =P84-Q84 -> 0 | S84: =SUMIF($I$3:$O$3,Assumptions!$A$15,$I84:$O84)*N($G84) -> 0 | T84: =SUMIF($I$3:$O$3,Assumptions!$A$16,$I84:$O84)*N($G84) -> 0 | U84: =SUMIF($I$3:$O$3,Assumptions!$A$17,$I84:$O84)*N($G84) -> 0 | V84: =SUMIF($I$3:$O$3,Assumptions!$A$18,$I84:$O84)*N($G84) -> 0 | W84: =SUMIF($I$3:$O$3,Assumptions!$A$19,$I84:$O84)*N($G84) -> 0 | X84: =S84*Assumptions!$B$15+T84*Assumptions!$B$16+U84*Assumptions!$B$17+V84*Assumptions!$B$18+W84*Assumptions!$B$19 -> 0 | Y84: =IF(D84="","",H84-X84) | Z84: =IF(OR(D84="",H84=0),"",X84/H84) | AA84: =IF(D84="Active",1,IF(D84="Prospective",IF(Assumptions!$B$6="Active only",0,Assumptions!$B$7),0)) -> 0 | AB84: =IF(COUNTA(C84,E84,H84,I84:O84)=0,"",IF(C84="","Select phase",IF(OR(E84="",F84=""),"Enter dates",IF(F84<E84,"End before start",IF(H84="","Enter phase fee",IF(P84=0,"Enter staff hours",IF(R84<0,"Over-mapped on Timeline",IF(R84>0,"Map hours on Timeline","OK")))))))) | AC84: Phase | AD84: =IF(AC84="Phase",N(G84),0) -> 0
A85: 2551 | B85: Bayside Community Center | C85: Project total | D85: Active | E85: =IF(COUNT(E86:E93)=0,"",MIN(E86:E93)) | F85: =IF(COUNT(F86:F93)=0,"",MAX(F86:F93)) | H85: =SUM(H86:H93) -> 0 | P85: =SUM(P86:P93) -> 0 | Q85: =SUM(Q86:Q93) -> 0 | R85: =P85-Q85 -> 0 | S85: =SUM(S86:S93) -> 0 | T85: =SUM(T86:T93) -> 0 | U85: =SUM(U86:U93) -> 0 | V85: =SUM(V86:V93) -> 0 | W85: =SUM(W86:W93) -> 0 | X85: =SUM(X86:X93) -> 0 | Y85: =H85-X85 -> 0 | Z85: =IF(H85=0,"",X85/H85) | AB85: =IF(COUNTIF(AB86:AB93,"?*")=0,"No phases yet",IF(COUNTIF(AB86:AB93,"OK")=COUNTIF(AB86:AB93,"?*"),"All OK",(COUNTIF(AB86:AB93,"?*")-COUNTIF(AB86:AB93,"OK"))&" to fix")) -> No phases yet | AC85: Project | AD85: =IF(AC85="Phase",N(G85),0) -> 0
A86: =IF(A85="","",A85) -> 2551 | B86: =IF(B85="","",B85) -> Bayside Community Center | D86: =IF(COUNTA(C86,E86,H86,I86:O86)=0,"",IF(D85="","",D85)) | F86: =IF(_xlfn.ISFORMULA(G86),"",IF(AND(E86<>"",N(G86)>0),E86+7*G86-1,"")) | G86: =IF(OR(E86="",F86=""),"",IF(F86<E86,"",ROUNDUP((F86-E86+1)/7,0))) | P86: =SUM(I86:O86)*N(G86) -> 0 | Q86: {=IF(OR(A86="",E86="",F86=""),0,SUMPRODUCT((tlNo=A86)*(Timeline!$H$18:$BG$18+6>=E86)*(Timeline!$H$18:$BG$18<=F86)*Timeline!$H$20:$BG$378))} -> 0 | R86: =P86-Q86 -> 0 | S86: =SUMIF($I$3:$O$3,Assumptions!$A$15,$I86:$O86)*N($G86) -> 0 | T86: =SUMIF($I$3:$O$3,Assumptions!$A$16,$I86:$O86)*N($G86) -> 0 | U86: =SUMIF($I$3:$O$3,Assumptions!$A$17,$I86:$O86)*N($G86) -> 0 | V86: =SUMIF($I$3:$O$3,Assumptions!$A$18,$I86:$O86)*N($G86) -> 0 | W86: =SUMIF($I$3:$O$3,Assumptions!$A$19,$I86:$O86)*N($G86) -> 0 | X86: =S86*Assumptions!$B$15+T86*Assumptions!$B$16+U86*Assumptions!$B$17+V86*Assumptions!$B$18+W86*Assumptions!$B$19 -> 0 | Y86: =IF(D86="","",H86-X86) | Z86: =IF(OR(D86="",H86=0),"",X86/H86) | AA86: =IF(D86="Active",1,IF(D86="Prospective",IF(Assumptions!$B$6="Active only",0,Assumptions!$B$7),0)) -> 0 | AB86: =IF(COUNTA(C86,E86,H86,I86:O86)=0,"",IF(C86="","Select phase",IF(OR(E86="",F86=""),"Enter dates",IF(F86<E86,"End before start",IF(H86="","Enter phase fee",IF(P86=0,"Enter staff hours",IF(R86<0,"Over-mapped on Timeline",IF(R86>0,"Map hours on Timeline","OK")))))))) | AC86: Phase | AD86: =IF(AC86="Phase",N(G86),0) -> 0
A87: =IF(A85="","",A85) -> 2551 | B87: =IF(B85="","",B85) -> Bayside Community Center | D87: =IF(COUNTA(C87,E87,H87,I87:O87)=0,"",IF(D85="","",D85)) | F87: =IF(_xlfn.ISFORMULA(G87),"",IF(AND(E87<>"",N(G87)>0),E87+7*G87-1,"")) | G87: =IF(OR(E87="",F87=""),"",IF(F87<E87,"",ROUNDUP((F87-E87+1)/7,0))) | P87: =SUM(I87:O87)*N(G87) -> 0 | Q87: {=IF(OR(A87="",E87="",F87=""),0,SUMPRODUCT((tlNo=A87)*(Timeline!$H$18:$BG$18+6>=E87)*(Timeline!$H$18:$BG$18<=F87)*Timeline!$H$20:$BG$378))} -> 0 | R87: =P87-Q87 -> 0 | S87: =SUMIF($I$3:$O$3,Assumptions!$A$15,$I87:$O87)*N($G87) -> 0 | T87: =SUMIF($I$3:$O$3,Assumptions!$A$16,$I87:$O87)*N($G87) -> 0 | U87: =SUMIF($I$3:$O$3,Assumptions!$A$17,$I87:$O87)*N($G87) -> 0 | V87: =SUMIF($I$3:$O$3,Assumptions!$A$18,$I87:$O87)*N($G87) -> 0 | W87: =SUMIF($I$3:$O$3,Assumptions!$A$19,$I87:$O87)*N($G87) -> 0 | X87: =S87*Assumptions!$B$15+T87*Assumptions!$B$16+U87*Assumptions!$B$17+V87*Assumptions!$B$18+W87*Assumptions!$B$19 -> 0 | Y87: =IF(D87="","",H87-X87) | Z87: =IF(OR(D87="",H87=0),"",X87/H87) | AA87: =IF(D87="Active",1,IF(D87="Prospective",IF(Assumptions!$B$6="Active only",0,Assumptions!$B$7),0)) -> 0 | AB87: =IF(COUNTA(C87,E87,H87,I87:O87)=0,"",IF(C87="","Select phase",IF(OR(E87="",F87=""),"Enter dates",IF(F87<E87,"End before start",IF(H87="","Enter phase fee",IF(P87=0,"Enter staff hours",IF(R87<0,"Over-mapped on Timeline",IF(R87>0,"Map hours on Timeline","OK")))))))) | AC87: Phase | AD87: =IF(AC87="Phase",N(G87),0) -> 0
A88: =IF(A85="","",A85) -> 2551 | B88: =IF(B85="","",B85) -> Bayside Community Center | D88: =IF(COUNTA(C88,E88,H88,I88:O88)=0,"",IF(D85="","",D85)) | F88: =IF(_xlfn.ISFORMULA(G88),"",IF(AND(E88<>"",N(G88)>0),E88+7*G88-1,"")) | G88: =IF(OR(E88="",F88=""),"",IF(F88<E88,"",ROUNDUP((F88-E88+1)/7,0))) | P88: =SUM(I88:O88)*N(G88) -> 0 | Q88: {=IF(OR(A88="",E88="",F88=""),0,SUMPRODUCT((tlNo=A88)*(Timeline!$H$18:$BG$18+6>=E88)*(Timeline!$H$18:$BG$18<=F88)*Timeline!$H$20:$BG$378))} -> 0 | R88: =P88-Q88 -> 0 | S88: =SUMIF($I$3:$O$3,Assumptions!$A$15,$I88:$O88)*N($G88) -> 0 | T88: =SUMIF($I$3:$O$3,Assumptions!$A$16,$I88:$O88)*N($G88) -> 0 | U88: =SUMIF($I$3:$O$3,Assumptions!$A$17,$I88:$O88)*N($G88) -> 0 | V88: =SUMIF($I$3:$O$3,Assumptions!$A$18,$I88:$O88)*N($G88) -> 0 | W88: =SUMIF($I$3:$O$3,Assumptions!$A$19,$I88:$O88)*N($G88) -> 0 | X88: =S88*Assumptions!$B$15+T88*Assumptions!$B$16+U88*Assumptions!$B$17+V88*Assumptions!$B$18+W88*Assumptions!$B$19 -> 0 | Y88: =IF(D88="","",H88-X88) | Z88: =IF(OR(D88="",H88=0),"",X88/H88) | AA88: =IF(D88="Active",1,IF(D88="Prospective",IF(Assumptions!$B$6="Active only",0,Assumptions!$B$7),0)) -> 0 | AB88: =IF(COUNTA(C88,E88,H88,I88:O88)=0,"",IF(C88="","Select phase",IF(OR(E88="",F88=""),"Enter dates",IF(F88<E88,"End before start",IF(H88="","Enter phase fee",IF(P88=0,"Enter staff hours",IF(R88<0,"Over-mapped on Timeline",IF(R88>0,"Map hours on Timeline","OK")))))))) | AC88: Phase | AD88: =IF(AC88="Phase",N(G88),0) -> 0
A89: =IF(A85="","",A85) -> 2551 | B89: =IF(B85="","",B85) -> Bayside Community Center | D89: =IF(COUNTA(C89,E89,H89,I89:O89)=0,"",IF(D85="","",D85)) | F89: =IF(_xlfn.ISFORMULA(G89),"",IF(AND(E89<>"",N(G89)>0),E89+7*G89-1,"")) | G89: =IF(OR(E89="",F89=""),"",IF(F89<E89,"",ROUNDUP((F89-E89+1)/7,0))) | P89: =SUM(I89:O89)*N(G89) -> 0 | Q89: {=IF(OR(A89="",E89="",F89=""),0,SUMPRODUCT((tlNo=A89)*(Timeline!$H$18:$BG$18+6>=E89)*(Timeline!$H$18:$BG$18<=F89)*Timeline!$H$20:$BG$378))} -> 0 | R89: =P89-Q89 -> 0 | S89: =SUMIF($I$3:$O$3,Assumptions!$A$15,$I89:$O89)*N($G89) -> 0 | T89: =SUMIF($I$3:$O$3,Assumptions!$A$16,$I89:$O89)*N($G89) -> 0 | U89: =SUMIF($I$3:$O$3,Assumptions!$A$17,$I89:$O89)*N($G89) -> 0 | V89: =SUMIF($I$3:$O$3,Assumptions!$A$18,$I89:$O89)*N($G89) -> 0 | W89: =SUMIF($I$3:$O$3,Assumptions!$A$19,$I89:$O89)*N($G89) -> 0 | X89: =S89*Assumptions!$B$15+T89*Assumptions!$B$16+U89*Assumptions!$B$17+V89*Assumptions!$B$18+W89*Assumptions!$B$19 -> 0 | Y89: =IF(D89="","",H89-X89) | Z89: =IF(OR(D89="",H89=0),"",X89/H89) | AA89: =IF(D89="Active",1,IF(D89="Prospective",IF(Assumptions!$B$6="Active only",0,Assumptions!$B$7),0)) -> 0 | AB89: =IF(COUNTA(C89,E89,H89,I89:O89)=0,"",IF(C89="","Select phase",IF(OR(E89="",F89=""),"Enter dates",IF(F89<E89,"End before start",IF(H89="","Enter phase fee",IF(P89=0,"Enter staff hours",IF(R89<0,"Over-mapped on Timeline",IF(R89>0,"Map hours on Timeline","OK")))))))) | AC89: Phase | AD89: =IF(AC89="Phase",N(G89),0) -> 0
A90: =IF(A85="","",A85) -> 2551 | B90: =IF(B85="","",B85) -> Bayside Community Center | D90: =IF(COUNTA(C90,E90,H90,I90:O90)=0,"",IF(D85="","",D85)) | F90: =IF(_xlfn.ISFORMULA(G90),"",IF(AND(E90<>"",N(G90)>0),E90+7*G90-1,"")) | G90: =IF(OR(E90="",F90=""),"",IF(F90<E90,"",ROUNDUP((F90-E90+1)/7,0))) | P90: =SUM(I90:O90)*N(G90) -> 0 | Q90: {=IF(OR(A90="",E90="",F90=""),0,SUMPRODUCT((tlNo=A90)*(Timeline!$H$18:$BG$18+6>=E90)*(Timeline!$H$18:$BG$18<=F90)*Timeline!$H$20:$BG$378))} -> 0 | R90: =P90-Q90 -> 0 | S90: =SUMIF($I$3:$O$3,Assumptions!$A$15,$I90:$O90)*N($G90) -> 0 | T90: =SUMIF($I$3:$O$3,Assumptions!$A$16,$I90:$O90)*N($G90) -> 0 | U90: =SUMIF($I$3:$O$3,Assumptions!$A$17,$I90:$O90)*N($G90) -> 0 | V90: =SUMIF($I$3:$O$3,Assumptions!$A$18,$I90:$O90)*N($G90) -> 0 | W90: =SUMIF($I$3:$O$3,Assumptions!$A$19,$I90:$O90)*N($G90) -> 0 | X90: =S90*Assumptions!$B$15+T90*Assumptions!$B$16+U90*Assumptions!$B$17+V90*Assumptions!$B$18+W90*Assumptions!$B$19 -> 0 | Y90: =IF(D90="","",H90-X90) | Z90: =IF(OR(D90="",H90=0),"",X90/H90) | AA90: =IF(D90="Active",1,IF(D90="Prospective",IF(Assumptions!$B$6="Active only",0,Assumptions!$B$7),0)) -> 0 | AB90: =IF(COUNTA(C90,E90,H90,I90:O90)=0,"",IF(C90="","Select phase",IF(OR(E90="",F90=""),"Enter dates",IF(F90<E90,"End before start",IF(H90="","Enter phase fee",IF(P90=0,"Enter staff hours",IF(R90<0,"Over-mapped on Timeline",IF(R90>0,"Map hours on Timeline","OK")))))))) | AC90: Phase | AD90: =IF(AC90="Phase",N(G90),0) -> 0
A91: =IF(A85="","",A85) -> 2551 | B91: =IF(B85="","",B85) -> Bayside Community Center | D91: =IF(COUNTA(C91,E91,H91,I91:O91)=0,"",IF(D85="","",D85)) | F91: =IF(_xlfn.ISFORMULA(G91),"",IF(AND(E91<>"",N(G91)>0),E91+7*G91-1,"")) | G91: =IF(OR(E91="",F91=""),"",IF(F91<E91,"",ROUNDUP((F91-E91+1)/7,0))) | P91: =SUM(I91:O91)*N(G91) -> 0 | Q91: {=IF(OR(A91="",E91="",F91=""),0,SUMPRODUCT((tlNo=A91)*(Timeline!$H$18:$BG$18+6>=E91)*(Timeline!$H$18:$BG$18<=F91)*Timeline!$H$20:$BG$378))} -> 0 | R91: =P91-Q91 -> 0 | S91: =SUMIF($I$3:$O$3,Assumptions!$A$15,$I91:$O91)*N($G91) -> 0 | T91: =SUMIF($I$3:$O$3,Assumptions!$A$16,$I91:$O91)*N($G91) -> 0 | U91: =SUMIF($I$3:$O$3,Assumptions!$A$17,$I91:$O91)*N($G91) -> 0 | V91: =SUMIF($I$3:$O$3,Assumptions!$A$18,$I91:$O91)*N($G91) -> 0 | W91: =SUMIF($I$3:$O$3,Assumptions!$A$19,$I91:$O91)*N($G91) -> 0 | X91: =S91*Assumptions!$B$15+T91*Assumptions!$B$16+U91*Assumptions!$B$17+V91*Assumptions!$B$18+W91*Assumptions!$B$19 -> 0 | Y91: =IF(D91="","",H91-X91) | Z91: =IF(OR(D91="",H91=0),"",X91/H91) | AA91: =IF(D91="Active",1,IF(D91="Prospective",IF(Assumptions!$B$6="Active only",0,Assumptions!$B$7),0)) -> 0 | AB91: =IF(COUNTA(C91,E91,H91,I91:O91)=0,"",IF(C91="","Select phase",IF(OR(E91="",F91=""),"Enter dates",IF(F91<E91,"End before start",IF(H91="","Enter phase fee",IF(P91=0,"Enter staff hours",IF(R91<0,"Over-mapped on Timeline",IF(R91>0,"Map hours on Timeline","OK")))))))) | AC91: Phase | AD91: =IF(AC91="Phase",N(G91),0) -> 0
A92: =IF(A85="","",A85) -> 2551 | B92: =IF(B85="","",B85) -> Bayside Community Center | D92: =IF(COUNTA(C92,E92,H92,I92:O92)=0,"",IF(D85="","",D85)) | F92: =IF(_xlfn.ISFORMULA(G92),"",IF(AND(E92<>"",N(G92)>0),E92+7*G92-1,"")) | G92: =IF(OR(E92="",F92=""),"",IF(F92<E92,"",ROUNDUP((F92-E92+1)/7,0))) | P92: =SUM(I92:O92)*N(G92) -> 0 | Q92: {=IF(OR(A92="",E92="",F92=""),0,SUMPRODUCT((tlNo=A92)*(Timeline!$H$18:$BG$18+6>=E92)*(Timeline!$H$18:$BG$18<=F92)*Timeline!$H$20:$BG$378))} -> 0 | R92: =P92-Q92 -> 0 | S92: =SUMIF($I$3:$O$3,Assumptions!$A$15,$I92:$O92)*N($G92) -> 0 | T92: =SUMIF($I$3:$O$3,Assumptions!$A$16,$I92:$O92)*N($G92) -> 0 | U92: =SUMIF($I$3:$O$3,Assumptions!$A$17,$I92:$O92)*N($G92) -> 0 | V92: =SUMIF($I$3:$O$3,Assumptions!$A$18,$I92:$O92)*N($G92) -> 0 | W92: =SUMIF($I$3:$O$3,Assumptions!$A$19,$I92:$O92)*N($G92) -> 0 | X92: =S92*Assumptions!$B$15+T92*Assumptions!$B$16+U92*Assumptions!$B$17+V92*Assumptions!$B$18+W92*Assumptions!$B$19 -> 0 | Y92: =IF(D92="","",H92-X92) | Z92: =IF(OR(D92="",H92=0),"",X92/H92) | AA92: =IF(D92="Active",1,IF(D92="Prospective",IF(Assumptions!$B$6="Active only",0,Assumptions!$B$7),0)) -> 0 | AB92: =IF(COUNTA(C92,E92,H92,I92:O92)=0,"",IF(C92="","Select phase",IF(OR(E92="",F92=""),"Enter dates",IF(F92<E92,"End before start",IF(H92="","Enter phase fee",IF(P92=0,"Enter staff hours",IF(R92<0,"Over-mapped on Timeline",IF(R92>0,"Map hours on Timeline","OK")))))))) | AC92: Phase | AD92: =IF(AC92="Phase",N(G92),0) -> 0
A93: =IF(A85="","",A85) -> 2551 | B93: =IF(B85="","",B85) -> Bayside Community Center | D93: =IF(COUNTA(C93,E93,H93,I93:O93)=0,"",IF(D85="","",D85)) | F93: =IF(_xlfn.ISFORMULA(G93),"",IF(AND(E93<>"",N(G93)>0),E93+7*G93-1,"")) | G93: =IF(OR(E93="",F93=""),"",IF(F93<E93,"",ROUNDUP((F93-E93+1)/7,0))) | P93: =SUM(I93:O93)*N(G93) -> 0 | Q93: {=IF(OR(A93="",E93="",F93=""),0,SUMPRODUCT((tlNo=A93)*(Timeline!$H$18:$BG$18+6>=E93)*(Timeline!$H$18:$BG$18<=F93)*Timeline!$H$20:$BG$378))} -> 0 | R93: =P93-Q93 -> 0 | S93: =SUMIF($I$3:$O$3,Assumptions!$A$15,$I93:$O93)*N($G93) -> 0 | T93: =SUMIF($I$3:$O$3,Assumptions!$A$16,$I93:$O93)*N($G93) -> 0 | U93: =SUMIF($I$3:$O$3,Assumptions!$A$17,$I93:$O93)*N($G93) -> 0 | V93: =SUMIF($I$3:$O$3,Assumptions!$A$18,$I93:$O93)*N($G93) -> 0 | W93: =SUMIF($I$3:$O$3,Assumptions!$A$19,$I93:$O93)*N($G93) -> 0 | X93: =S93*Assumptions!$B$15+T93*Assumptions!$B$16+U93*Assumptions!$B$17+V93*Assumptions!$B$18+W93*Assumptions!$B$19 -> 0 | Y93: =IF(D93="","",H93-X93) | Z93: =IF(OR(D93="",H93=0),"",X93/H93) | AA93: =IF(D93="Active",1,IF(D93="Prospective",IF(Assumptions!$B$6="Active only",0,Assumptions!$B$7),0)) -> 0 | AB93: =IF(COUNTA(C93,E93,H93,I93:O93)=0,"",IF(C93="","Select phase",IF(OR(E93="",F93=""),"Enter dates",IF(F93<E93,"End before start",IF(H93="","Enter phase fee",IF(P93=0,"Enter staff hours",IF(R93<0,"Over-mapped on Timeline",IF(R93>0,"Map hours on Timeline","OK")))))))) | AC93: Phase | AD93: =IF(AC93="Phase",N(G93),0) -> 0
A94: 2560 | B94: Willowmere Trail | C94: Project total | D94: Active | E94: =IF(COUNT(E95:E102)=0,"",MIN(E95:E102)) | F94: =IF(COUNT(F95:F102)=0,"",MAX(F95:F102)) | H94: =SUM(H95:H102) -> 0 | P94: =SUM(P95:P102) -> 0 | Q94: =SUM(Q95:Q102) -> 0 | R94: =P94-Q94 -> 0 | S94: =SUM(S95:S102) -> 0 | T94: =SUM(T95:T102) -> 0 | U94: =SUM(U95:U102) -> 0 | V94: =SUM(V95:V102) -> 0 | W94: =SUM(W95:W102) -> 0 | X94: =SUM(X95:X102) -> 0 | Y94: =H94-X94 -> 0 | Z94: =IF(H94=0,"",X94/H94) | AB94: =IF(COUNTIF(AB95:AB102,"?*")=0,"No phases yet",IF(COUNTIF(AB95:AB102,"OK")=COUNTIF(AB95:AB102,"?*"),"All OK",(COUNTIF(AB95:AB102,"?*")-COUNTIF(AB95:AB102,"OK"))&" to fix")) -> No phases yet | AC94: Project | AD94: =IF(AC94="Phase",N(G94),0) -> 0
A95: =IF(A94="","",A94) -> 2560 | B95: =IF(B94="","",B94) -> Willowmere Trail | D95: =IF(COUNTA(C95,E95,H95,I95:O95)=0,"",IF(D94="","",D94)) | F95: =IF(_xlfn.ISFORMULA(G95),"",IF(AND(E95<>"",N(G95)>0),E95+7*G95-1,"")) | G95: =IF(OR(E95="",F95=""),"",IF(F95<E95,"",ROUNDUP((F95-E95+1)/7,0))) | P95: =SUM(I95:O95)*N(G95) -> 0 | Q95: {=IF(OR(A95="",E95="",F95=""),0,SUMPRODUCT((tlNo=A95)*(Timeline!$H$18:$BG$18+6>=E95)*(Timeline!$H$18:$BG$18<=F95)*Timeline!$H$20:$BG$378))} -> 0 | R95: =P95-Q95 -> 0 | S95: =SUMIF($I$3:$O$3,Assumptions!$A$15,$I95:$O95)*N($G95) -> 0 | T95: =SUMIF($I$3:$O$3,Assumptions!$A$16,$I95:$O95)*N($G95) -> 0 | U95: =SUMIF($I$3:$O$3,Assumptions!$A$17,$I95:$O95)*N($G95) -> 0 | V95: =SUMIF($I$3:$O$3,Assumptions!$A$18,$I95:$O95)*N($G95) -> 0 | W95: =SUMIF($I$3:$O$3,Assumptions!$A$19,$I95:$O95)*N($G95) -> 0 | X95: =S95*Assumptions!$B$15+T95*Assumptions!$B$16+U95*Assumptions!$B$17+V95*Assumptions!$B$18+W95*Assumptions!$B$19 -> 0 | Y95: =IF(D95="","",H95-X95) | Z95: =IF(OR(D95="",H95=0),"",X95/H95) | AA95: =IF(D95="Active",1,IF(D95="Prospective",IF(Assumptions!$B$6="Active only",0,Assumptions!$B$7),0)) -> 0 | AB95: =IF(COUNTA(C95,E95,H95,I95:O95)=0,"",IF(C95="","Select phase",IF(OR(E95="",F95=""),"Enter dates",IF(F95<E95,"End before start",IF(H95="","Enter phase fee",IF(P95=0,"Enter staff hours",IF(R95<0,"Over-mapped on Timeline",IF(R95>0,"Map hours on Timeline","OK")))))))) | AC95: Phase | AD95: =IF(AC95="Phase",N(G95),0) -> 0
A96: =IF(A94="","",A94) -> 2560 | B96: =IF(B94="","",B94) -> Willowmere Trail | D96: =IF(COUNTA(C96,E96,H96,I96:O96)=0,"",IF(D94="","",D94)) | F96: =IF(_xlfn.ISFORMULA(G96),"",IF(AND(E96<>"",N(G96)>0),E96+7*G96-1,"")) | G96: =IF(OR(E96="",F96=""),"",IF(F96<E96,"",ROUNDUP((F96-E96+1)/7,0))) | P96: =SUM(I96:O96)*N(G96) -> 0 | Q96: {=IF(OR(A96="",E96="",F96=""),0,SUMPRODUCT((tlNo=A96)*(Timeline!$H$18:$BG$18+6>=E96)*(Timeline!$H$18:$BG$18<=F96)*Timeline!$H$20:$BG$378))} -> 0 | R96: =P96-Q96 -> 0 | S96: =SUMIF($I$3:$O$3,Assumptions!$A$15,$I96:$O96)*N($G96) -> 0 | T96: =SUMIF($I$3:$O$3,Assumptions!$A$16,$I96:$O96)*N($G96) -> 0 | U96: =SUMIF($I$3:$O$3,Assumptions!$A$17,$I96:$O96)*N($G96) -> 0 | V96: =SUMIF($I$3:$O$3,Assumptions!$A$18,$I96:$O96)*N($G96) -> 0 | W96: =SUMIF($I$3:$O$3,Assumptions!$A$19,$I96:$O96)*N($G96) -> 0 | X96: =S96*Assumptions!$B$15+T96*Assumptions!$B$16+U96*Assumptions!$B$17+V96*Assumptions!$B$18+W96*Assumptions!$B$19 -> 0 | Y96: =IF(D96="","",H96-X96) | Z96: =IF(OR(D96="",H96=0),"",X96/H96) | AA96: =IF(D96="Active",1,IF(D96="Prospective",IF(Assumptions!$B$6="Active only",0,Assumptions!$B$7),0)) -> 0 | AB96: =IF(COUNTA(C96,E96,H96,I96:O96)=0,"",IF(C96="","Select phase",IF(OR(E96="",F96=""),"Enter dates",IF(F96<E96,"End before start",IF(H96="","Enter phase fee",IF(P96=0,"Enter staff hours",IF(R96<0,"Over-mapped on Timeline",IF(R96>0,"Map hours on Timeline","OK")))))))) | AC96: Phase | AD96: =IF(AC96="Phase",N(G96),0) -> 0
A97: =IF(A94="","",A94) -> 2560 | B97: =IF(B94="","",B94) -> Willowmere Trail | D97: =IF(COUNTA(C97,E97,H97,I97:O97)=0,"",IF(D94="","",D94)) | F97: =IF(_xlfn.ISFORMULA(G97),"",IF(AND(E97<>"",N(G97)>0),E97+7*G97-1,"")) | G97: =IF(OR(E97="",F97=""),"",IF(F97<E97,"",ROUNDUP((F97-E97+1)/7,0))) | P97: =SUM(I97:O97)*N(G97) -> 0 | Q97: {=IF(OR(A97="",E97="",F97=""),0,SUMPRODUCT((tlNo=A97)*(Timeline!$H$18:$BG$18+6>=E97)*(Timeline!$H$18:$BG$18<=F97)*Timeline!$H$20:$BG$378))} -> 0 | R97: =P97-Q97 -> 0 | S97: =SUMIF($I$3:$O$3,Assumptions!$A$15,$I97:$O97)*N($G97) -> 0 | T97: =SUMIF($I$3:$O$3,Assumptions!$A$16,$I97:$O97)*N($G97) -> 0 | U97: =SUMIF($I$3:$O$3,Assumptions!$A$17,$I97:$O97)*N($G97) -> 0 | V97: =SUMIF($I$3:$O$3,Assumptions!$A$18,$I97:$O97)*N($G97) -> 0 | W97: =SUMIF($I$3:$O$3,Assumptions!$A$19,$I97:$O97)*N($G97) -> 0 | X97: =S97*Assumptions!$B$15+T97*Assumptions!$B$16+U97*Assumptions!$B$17+V97*Assumptions!$B$18+W97*Assumptions!$B$19 -> 0 | Y97: =IF(D97="","",H97-X97) | Z97: =IF(OR(D97="",H97=0),"",X97/H97) | AA97: =IF(D97="Active",1,IF(D97="Prospective",IF(Assumptions!$B$6="Active only",0,Assumptions!$B$7),0)) -> 0 | AB97: =IF(COUNTA(C97,E97,H97,I97:O97)=0,"",IF(C97="","Select phase",IF(OR(E97="",F97=""),"Enter dates",IF(F97<E97,"End before start",IF(H97="","Enter phase fee",IF(P97=0,"Enter staff hours",IF(R97<0,"Over-mapped on Timeline",IF(R97>0,"Map hours on Timeline","OK")))))))) | AC97: Phase | AD97: =IF(AC97="Phase",N(G97),0) -> 0
A98: =IF(A94="","",A94) -> 2560 | B98: =IF(B94="","",B94) -> Willowmere Trail | D98: =IF(COUNTA(C98,E98,H98,I98:O98)=0,"",IF(D94="","",D94)) | F98: =IF(_xlfn.ISFORMULA(G98),"",IF(AND(E98<>"",N(G98)>0),E98+7*G98-1,"")) | G98: =IF(OR(E98="",F98=""),"",IF(F98<E98,"",ROUNDUP((F98-E98+1)/7,0))) | P98: =SUM(I98:O98)*N(G98) -> 0 | Q98: {=IF(OR(A98="",E98="",F98=""),0,SUMPRODUCT((tlNo=A98)*(Timeline!$H$18:$BG$18+6>=E98)*(Timeline!$H$18:$BG$18<=F98)*Timeline!$H$20:$BG$378))} -> 0 | R98: =P98-Q98 -> 0 | S98: =SUMIF($I$3:$O$3,Assumptions!$A$15,$I98:$O98)*N($G98) -> 0 | T98: =SUMIF($I$3:$O$3,Assumptions!$A$16,$I98:$O98)*N($G98) -> 0 | U98: =SUMIF($I$3:$O$3,Assumptions!$A$17,$I98:$O98)*N($G98) -> 0 | V98: =SUMIF($I$3:$O$3,Assumptions!$A$18,$I98:$O98)*N($G98) -> 0 | W98: =SUMIF($I$3:$O$3,Assumptions!$A$19,$I98:$O98)*N($G98) -> 0 | X98: =S98*Assumptions!$B$15+T98*Assumptions!$B$16+U98*Assumptions!$B$17+V98*Assumptions!$B$18+W98*Assumptions!$B$19 -> 0 | Y98: =IF(D98="","",H98-X98) | Z98: =IF(OR(D98="",H98=0),"",X98/H98) | AA98: =IF(D98="Active",1,IF(D98="Prospective",IF(Assumptions!$B$6="Active only",0,Assumptions!$B$7),0)) -> 0 | AB98: =IF(COUNTA(C98,E98,H98,I98:O98)=0,"",IF(C98="","Select phase",IF(OR(E98="",F98=""),"Enter dates",IF(F98<E98,"End before start",IF(H98="","Enter phase fee",IF(P98=0,"Enter staff hours",IF(R98<0,"Over-mapped on Timeline",IF(R98>0,"Map hours on Timeline","OK")))))))) | AC98: Phase | AD98: =IF(AC98="Phase",N(G98),0) -> 0
A99: =IF(A94="","",A94) -> 2560 | B99: =IF(B94="","",B94) -> Willowmere Trail | D99: =IF(COUNTA(C99,E99,H99,I99:O99)=0,"",IF(D94="","",D94)) | F99: =IF(_xlfn.ISFORMULA(G99),"",IF(AND(E99<>"",N(G99)>0),E99+7*G99-1,"")) | G99: =IF(OR(E99="",F99=""),"",IF(F99<E99,"",ROUNDUP((F99-E99+1)/7,0))) | P99: =SUM(I99:O99)*N(G99) -> 0 | Q99: {=IF(OR(A99="",E99="",F99=""),0,SUMPRODUCT((tlNo=A99)*(Timeline!$H$18:$BG$18+6>=E99)*(Timeline!$H$18:$BG$18<=F99)*Timeline!$H$20:$BG$378))} -> 0 | R99: =P99-Q99 -> 0 | S99: =SUMIF($I$3:$O$3,Assumptions!$A$15,$I99:$O99)*N($G99) -> 0 | T99: =SUMIF($I$3:$O$3,Assumptions!$A$16,$I99:$O99)*N($G99) -> 0 | U99: =SUMIF($I$3:$O$3,Assumptions!$A$17,$I99:$O99)*N($G99) -> 0 | V99: =SUMIF($I$3:$O$3,Assumptions!$A$18,$I99:$O99)*N($G99) -> 0 | W99: =SUMIF($I$3:$O$3,Assumptions!$A$19,$I99:$O99)*N($G99) -> 0 | X99: =S99*Assumptions!$B$15+T99*Assumptions!$B$16+U99*Assumptions!$B$17+V99*Assumptions!$B$18+W99*Assumptions!$B$19 -> 0 | Y99: =IF(D99="","",H99-X99) | Z99: =IF(OR(D99="",H99=0),"",X99/H99) | AA99: =IF(D99="Active",1,IF(D99="Prospective",IF(Assumptions!$B$6="Active only",0,Assumptions!$B$7),0)) -> 0 | AB99: =IF(COUNTA(C99,E99,H99,I99:O99)=0,"",IF(C99="","Select phase",IF(OR(E99="",F99=""),"Enter dates",IF(F99<E99,"End before start",IF(H99="","Enter phase fee",IF(P99=0,"Enter staff hours",IF(R99<0,"Over-mapped on Timeline",IF(R99>0,"Map hours on Timeline","OK")))))))) | AC99: Phase | AD99: =IF(AC99="Phase",N(G99),0) -> 0
A100: =IF(A94="","",A94) -> 2560 | B100: =IF(B94="","",B94) -> Willowmere Trail | D100: =IF(COUNTA(C100,E100,H100,I100:O100)=0,"",IF(D94="","",D94)) | F100: =IF(_xlfn.ISFORMULA(G100),"",IF(AND(E100<>"",N(G100)>0),E100+7*G100-1,"")) | G100: =IF(OR(E100="",F100=""),"",IF(F100<E100,"",ROUNDUP((F100-E100+1)/7,0))) | P100: =SUM(I100:O100)*N(G100) -> 0 | Q100: {=IF(OR(A100="",E100="",F100=""),0,SUMPRODUCT((tlNo=A100)*(Timeline!$H$18:$BG$18+6>=E100)*(Timeline!$H$18:$BG$18<=F100)*Timeline!$H$20:$BG$378))} -> 0 | R100: =P100-Q100 -> 0 | S100: =SUMIF($I$3:$O$3,Assumptions!$A$15,$I100:$O100)*N($G100) -> 0 | T100: =SUMIF($I$3:$O$3,Assumptions!$A$16,$I100:$O100)*N($G100) -> 0 | U100: =SUMIF($I$3:$O$3,Assumptions!$A$17,$I100:$O100)*N($G100) -> 0 | V100: =SUMIF($I$3:$O$3,Assumptions!$A$18,$I100:$O100)*N($G100) -> 0 | W100: =SUMIF($I$3:$O$3,Assumptions!$A$19,$I100:$O100)*N($G100) -> 0 | X100: =S100*Assumptions!$B$15+T100*Assumptions!$B$16+U100*Assumptions!$B$17+V100*Assumptions!$B$18+W100*Assumptions!$B$19 -> 0 | Y100: =IF(D100="","",H100-X100) | Z100: =IF(OR(D100="",H100=0),"",X100/H100) | AA100: =IF(D100="Active",1,IF(D100="Prospective",IF(Assumptions!$B$6="Active only",0,Assumptions!$B$7),0)) -> 0 | AB100: =IF(COUNTA(C100,E100,H100,I100:O100)=0,"",IF(C100="","Select phase",IF(OR(E100="",F100=""),"Enter dates",IF(F100<E100,"End before start",IF(H100="","Enter phase fee",IF(P100=0,"Enter staff hours",IF(R100<0,"Over-mapped on Timeline",IF(R100>0,"Map hours on Timeline","OK")))))))) | AC100: Phase | AD100: =IF(AC100="Phase",N(G100),0) -> 0
...

Sheet Timeline
A1: Multi-Phase Timeline
A2: ="Scenario: "&Assumptions!B6&" | Rows appear automatically for each staff member with hours on Projects. Type hours into the weeks they work; Placed turns red if it exceeds the Pool." -> Scenario: Active + Prospective | Rows appear automatically for each staff member with hours on Projects. Type hours into the weeks they work; Placed turns red if it exceeds the Pool.
H3: =TEXT(H5,"mmm yy") -> Oct 26 | I3: =IF(MONTH(I5)<>MONTH(H5),TEXT(I5,"mmm yy"),"") | J3: =IF(MONTH(J5)<>MONTH(I5),TEXT(J5,"mmm yy"),"") | K3: =IF(MONTH(K5)<>MONTH(J5),TEXT(K5,"mmm yy"),"") | L3: =IF(MONTH(L5)<>MONTH(K5),TEXT(L5,"mmm yy"),"") -> Nov 26 | M3: =IF(MONTH(M5)<>MONTH(L5),TEXT(M5,"mmm yy"),"") | N3: =IF(MONTH(N5)<>MONTH(M5),TEXT(N5,"mmm yy"),"") | O3: =IF(MONTH(O5)<>MONTH(N5),TEXT(O5,"mmm yy"),"") | P3: =IF(MONTH(P5)<>MONTH(O5),TEXT(P5,"mmm yy"),"") | ... BG3: =IF(MONTH(BG5)<>MONTH(BF5),TEXT(BG5,"mmm yy"),"")
A4: Week # | H4: =Forecast!D4 -> 1 | I4: =Forecast!E4 -> 2 | J4: =Forecast!F4 -> 3 | K4: =Forecast!G4 -> 4 | L4: =Forecast!H4 -> 5 | M4: =Forecast!I4 -> 6 | N4: =Forecast!J4 -> 7 | O4: =Forecast!K4 -> 8 | ... BG4: =Forecast!BC4 -> 52
A5: Week Beginning (Mon) | H5: =Forecast!D5 -> 46300 | I5: =Forecast!E5 -> 46307 | J5: =Forecast!F5 -> 46314 | K5: =Forecast!G5 -> 46321 | L5: =Forecast!H5 -> 46328 | M5: =Forecast!I5 -> 46335 | N5: =Forecast!J5 -> 46342 | O5: =Forecast!K5 -> 46349 | ... BG5: =Forecast!BC5 -> 46657
A6: Horizon | H6: =IF(H4<=Assumptions!$K$5,"Near",IF(H4<=Assumptions!$K$6,"Mid","Long")) -> Near | I6: =IF(I4<=Assumptions!$K$5,"Near",IF(I4<=Assumptions!$K$6,"Mid","Long")) -> Near | J6: =IF(J4<=Assumptions!$K$5,"Near",IF(J4<=Assumptions!$K$6,"Mid","Long")) -> Near | K6: =IF(K4<=Assumptions!$K$5,"Near",IF(K4<=Assumptions!$K$6,"Mid","Long")) -> Near | L6: =IF(L4<=Assumptions!$K$5,"Near",IF(L4<=Assumptions!$K$6,"Mid","Long")) -> Near | M6: =IF(M4<=Assumptions!$K$5,"Near",IF(M4<=Assumptions!$K$6,"Mid","Long")) -> Near | N6: =IF(N4<=Assumptions!$K$5,"Near",IF(N4<=Assumptions!$K$6,"Mid","Long")) -> Near | O6: =IF(O4<=Assumptions!$K$5,"Near",IF(O4<=Assumptions!$K$6,"Mid","Long")) -> Near | ... BG6: =IF(BG4<=Assumptions!$K$5,"Near",IF(BG4<=Assumptions!$K$6,"Mid","Long")) -> Long
A7: =IF(COUNTIF(BP20:BP67,">0")>12,"⚠ More new projects than spare Timeline blocks — ask to add more",IF(COUNTIF(BP20:BP67,">0")>0,"New projects auto-listed at the bottom of the Timeline grid: "&COUNTIF(BP20:BP67,">0"),""))
A8: STAFFING HEAT MAP — utilization by level (demand ÷ capacity, from Forecast) | G8: Peak
A9: Principal | G9: =Forecast!C80 -> 1.5833333 | H9: =Forecast!D80 -> 1.3666667 | I9: =Forecast!E80 -> 1.4333333 | J9: =Forecast!F80 -> 1.3166667 | K9: =Forecast!G80 -> 1.5833333 | L9: =Forecast!H80 -> 1.3166667 | M9: =Forecast!I80 -> 1.05 | N9: =Forecast!J80 -> 0.91666667 | ... BG9: =Forecast!BC80 -> 0
A10: Director | G10: =Forecast!C81 -> 1.1875 | H10: =Forecast!D81 -> 0.5625 | I10: =Forecast!E81 -> 0.8125 | J10: =Forecast!F81 -> 0.8125 | K10: =Forecast!G81 -> 0.8125 | L10: =Forecast!H81 -> 0.8125 | M10: =Forecast!I81 -> 0.8125 | N10: =Forecast!J81 -> 0.8125 | ... BG10: =Forecast!BC81 -> 0
A11: Senior Designer | G11: =Forecast!C82 -> 1.4444444 | H11: =Forecast!D82 -> 1.4444444 | I11: =Forecast!E82 -> 1.4444444 | J11: =Forecast!F82 -> 1.4444444 | K11: =Forecast!G82 -> 1.4444444 | L11: =Forecast!H82 -> 1.1111111 | M11: =Forecast!I82 -> 1.1111111 | N11: =Forecast!J82 -> 0.66666667 | ... BG11: =Forecast!BC82 -> 0
A12: Mid Level Designer | G12: =Forecast!C83 -> 0.90277778 | H12: =Forecast!D83 -> 0.56944444 | I12: =Forecast!E83 -> 0.79166667 | J12: =Forecast!F83 -> 0.79166667 | K12: =Forecast!G83 -> 0.90277778 | L12: =Forecast!H83 -> 0.66666667 | M12: =Forecast!I83 -> 0.61111111 | N12: =Forecast!J83 -> 0.66666667 | ... BG12: =Forecast!BC83 -> 0
A13: Project Designer | G13: =Forecast!C84 -> 1.6666667 | H13: =Forecast!D84 -> 1.0555556 | I13: =Forecast!E84 -> 1.0555556 | J13: =Forecast!F84 -> 1.2777778 | K13: =Forecast!G84 -> 1.2777778 | L13: =Forecast!H84 -> 1.0555556 | M13: =Forecast!I84 -> 1.0555556 | N13: =Forecast!J84 -> 1.0555556 | ... BG13: =Forecast!BC84 -> 0
A14: Firm Total | G14: =Forecast!C85 -> 1.2033898 | H14: =Forecast!D85 -> 0.97881356 | I14: =Forecast!E85 -> 1.0974576 | J14: =Forecast!F85 -> 1.1016949 | K14: =Forecast!G85 -> 1.2033898 | L14: =Forecast!H85 -> 0.97881356 | M14: =Forecast!I85 -> 0.8940678 | N14: =Forecast!J85 -> 0.80932203 | ... BG14: =Forecast!BC85 -> 0
A15: # Levels understaffed | G15: =Forecast!C96 -> 3 | H15: =Forecast!D96 -> 3 | I15: =Forecast!E96 -> 3 | J15: =Forecast!F96 -> 3 | K15: =Forecast!G96 -> 3 | L15: =Forecast!H96 -> 3 | M15: =Forecast!I96 -> 3 | N15: =Forecast!J96 -> 1 | ... BG15: =Forecast!BC96 -> 0
A16: Phase colors: | H16: Concept | L16: Entitlement | P16: SD | T16: DD | X16: CD | AB16: Bidding | AF16: Permitting | AJ16: CA | AN16: Other/custom
A17: MAP HOURS TO WEEKS — every staff member is listed under each project. Click the +/- beside a project to collapse or expand its staff. Rows with hours on Projects show a Pool; greyed rows have none. Type hours into the weeks they work; Placed turns red if it exceeds the Pool.
A18: Project No. | B18: Project Name | C18: Status | D18: Staff | E18: Pool Hrs | F18: Placed Hrs | G18: Left | H18: =H$5 -> 46300 | I18: =I$5 -> 46307 | J18: =J$5 -> 46314 | K18: =K$5 -> 46321 | L18: =L$5 -> 46328 | M18: =M$5 -> 46335 | N18: =N$5 -> 46342 | O18: =O$5 -> 46349 | ... BG18: =BG$5 -> 46657 | BI18: Project row | BJ18: Level | BK18: Start | BL18: End | BM18: Weight | BN18: Slot | BP18: Projects not yet listed
B19: =IF(A20="","",A20&" · "&B20) -> 2256 · Marigold Promenade | C19: =IF(A20="","",C20) -> Active | E19: =SUM(E20:E27) -> 81 | F19: =SUM(F20:F27) -> 80 | G19: =IF(E19=0,"",E19-F19) -> 1 | H19: =SUM(H20:H27) -> 0 | I19: =SUM(I20:I27) -> 0 | J19: =SUM(J20:J27) -> 0 | K19: =SUM(K20:K27) -> 0 | L19: =SUM(L20:L27) -> 0 | M19: =SUM(M20:M27) -> 0 | N19: =SUM(N20:N27) -> 0 | O19: =SUM(O20:O27) -> 0 | ... BG19: =SUM(BG20:BG27) -> 0
A20: 2256 | B20: {=IF(BI20="","",INDEX(pjName,BI20))} -> Marigold Promenade | C20: {=IF(BI20="","",IF(INDEX(pjStatus,BI20)="","",INDEX(pjStatus,BI20)))} -> Active | D20: {=IFERROR(INDEX(tblStaff[Initials],BN20),"")} -> PK | E20: {=IF(OR(BI20="",D20=""),"",IFERROR(SUMPRODUCT((pjNo=A20)*(pjType="Phase")*INDEX(Projects!$I$5:$O$1188,0,MATCH(D20,Projects!$I$4:$O$4,0))*pjWk),0))} -> 27 | F20: =IF(BI20="","",SUM(H20:BG20)) -> 26 | G20: =IF(OR(E20="",F20=""),"",E20-F20) -> 1 | AH20: 2 | AI20: 2 | AJ20: 2 | AK20: 2 | AL20: 2 | AM20: 2 | AN20: 2 | AO20: 2 | AP20: 2 | AQ20: 2 | AR20: 2 | AS20: 2 | AT20: 2 | BI20: {=IF(A20="","",IFERROR(MATCH(1,INDEX((pjNo=A20)*(pjType="Project"),0),0),""))} -> 1 | BJ20: =IF(D20="","",IFERROR(INDEX(tblStaff[Staff Level],MATCH(D20,tblStaff[Initials],0)),"?")) -> Principal | BK20: {=IF(BI20="","",INDEX(pjStart,BI20))} -> 46478 | BL20: {=IF(BI20="","",INDEX(pjEnd,BI20))} -> 46665 | BM20: =IF(BI20="",0,IF(C20="Active",1,IF(C20="Prospective",IF(Assumptions!$B$6="Active only",0,Assumptions!$B$7),0))) -> 1 | BN20: 1 | BP20: {=IFERROR(_xlfn.LET(_xlpm.h,_xlfn._xlws.FILTER(pjNo,(pjType="Project")*(pjNo<>"")),_xlfn._xlws.FILTER(_xlpm.h,ISNA(MATCH(_xlpm.h,$A$20:$A$270,0)),"")),"")}
A21: 2256 | B21: {=IF(BI21="","",INDEX(pjName,BI21))} -> Marigold Promenade | C21: {=IF(BI21="","",IF(INDEX(pjStatus,BI21)="","",INDEX(pjStatus,BI21)))} -> Active | D21: {=IFERROR(INDEX(tblStaff[Initials],BN21),"")} -> DF | E21: {=IF(OR(BI21="",D21=""),"",IFERROR(SUMPRODUCT((pjNo=A21)*(pjType="Phase")*INDEX(Projects!$I$5:$O$1188,0,MATCH(D21,Projects!$I$4:$O$4,0))*pjWk),0))} -> 0 | F21: =IF(BI21="","",SUM(H21:BG21)) -> 0 | G21: =IF(OR(E21="",F21=""),"",E21-F21) -> 0 | BI21: {=IF(A21="","",IFERROR(MATCH(1,INDEX((pjNo=A21)*(pjType="Project"),0),0),""))} -> 1 | BJ21: =IF(D21="","",IFERROR(INDEX(tblStaff[Staff Level],MATCH(D21,tblStaff[Initials],0)),"?")) -> Principal | BK21: {=IF(BI21="","",INDEX(pjStart,BI21))} -> 46478 | BL21: {=IF(BI21="","",INDEX(pjEnd,BI21))} -> 46665 | BM21: =IF(BI21="",0,IF(C21="Active",1,IF(C21="Prospective",IF(Assumptions!$B$6="Active only",0,Assumptions!$B$7),0))) -> 1 | BN21: 2
A22: 2256 | B22: {=IF(BI22="","",INDEX(pjName,BI22))} -> Marigold Promenade | C22: {=IF(BI22="","",IF(INDEX(pjStatus,BI22)="","",INDEX(pjStatus,BI22)))} -> Active | D22: {=IFERROR(INDEX(tblStaff[Initials],BN22),"")} -> KJ | E22: {=IF(OR(BI22="",D22=""),"",IFERROR(SUMPRODUCT((pjNo=A22)*(pjType="Phase")*INDEX(Projects!$I$5:$O$1188,0,MATCH(D22,Projects!$I$4:$O$4,0))*pjWk),0))} -> 54 | F22: =IF(BI22="","",SUM(H22:BG22)) -> 54 | G22: =IF(OR(E22="",F22=""),"",E22-F22) -> 0 | AH22: 4 | AI22: 4 | AJ22: 4 | AK22: 4 | AL22: 4 | AM22: 4 | AN22: 4 | AO22: 4 | AP22: 4 | AQ22: 4 | AR22: 4 | AS22: 4 | AT22: 4 | AU22: 2 | BI22: {=IF(A22="","",IFERROR(MATCH(1,INDEX((pjNo=A22)*(pjType="Project"),0),0),""))} -> 1 | BJ22: =IF(D22="","",IFERROR(INDEX(tblStaff[Staff Level],MATCH(D22,tblStaff[Initials],0)),"?")) -> Director | BK22: {=IF(BI22="","",INDEX(pjStart,BI22))} -> 46478 | BL22: {=IF(BI22="","",INDEX(pjEnd,BI22))} -> 46665 | BM22: =IF(BI22="",0,IF(C22="Active",1,IF(C22="Prospective",IF(Assumptions!$B$6="Active only",0,Assumptions!$B$7),0))) -> 1 | BN22: 3
A23: 2256 | B23: {=IF(BI23="","",INDEX(pjName,BI23))} -> Marigold Promenade | C23: {=IF(BI23="","",IF(INDEX(pjStatus,BI23)="","",INDEX(pjStatus,BI23)))} -> Active | D23: {=IFERROR(INDEX(tblStaff[Initials],BN23),"")} -> HL | E23: {=IF(OR(BI23="",D23=""),"",IFERROR(SUMPRODUCT((pjNo=A23)*(pjType="Phase")*INDEX(Projects!$I$5:$O$1188,0,MATCH(D23,Projects!$I$4:$O$4,0))*pjWk),0))} -> 0 | F23: =IF(BI23="","",SUM(H23:BG23)) -> 0 | G23: =IF(OR(E23="",F23=""),"",E23-F23) -> 0 | BI23: {=IF(A23="","",IFERROR(MATCH(1,INDEX((pjNo=A23)*(pjType="Project"),0),0),""))} -> 1 | BJ23: =IF(D23="","",IFERROR(INDEX(tblStaff[Staff Level],MATCH(D23,tblStaff[Initials],0)),"?")) -> Senior Designer | BK23: {=IF(BI23="","",INDEX(pjStart,BI23))} -> 46478 | BL23: {=IF(BI23="","",INDEX(pjEnd,BI23))} -> 46665 | BM23: =IF(BI23="",0,IF(C23="Active",1,IF(C23="Prospective",IF(Assumptions!$B$6="Active only",0,Assumptions!$B$7),0))) -> 1 | BN23: 4
A24: 2256 | B24: {=IF(BI24="","",INDEX(pjName,BI24))} -> Marigold Promenade | C24: {=IF(BI24="","",IF(INDEX(pjStatus,BI24)="","",INDEX(pjStatus,BI24)))} -> Active | D24: {=IFERROR(INDEX(tblStaff[Initials],BN24),"")} -> EHH | E24: {=IF(OR(BI24="",D24=""),"",IFERROR(SUMPRODUCT((pjNo=A24)*(pjType="Phase")*INDEX(Projects!$I$5:$O$1188,0,MATCH(D24,Projects!$I$4:$O$4,0))*pjWk),0))} -> 0 | F24: =IF(BI24="","",SUM(H24:BG24)) -> 0 | G24: =IF(OR(E24="",F24=""),"",E24-F24) -> 0 | BI24: {=IF(A24="","",IFERROR(MATCH(1,INDEX((pjNo=A24)*(pjType="Project"),0),0),""))} -> 1 | BJ24: =IF(D24="","",IFERROR(INDEX(tblStaff[Staff Level],MATCH(D24,tblStaff[Initials],0)),"?")) -> Mid Level Designer | BK24: {=IF(BI24="","",INDEX(pjStart,BI24))} -> 46478 | BL24: {=IF(BI24="","",INDEX(pjEnd,BI24))} -> 46665 | BM24: =IF(BI24="",0,IF(C24="Active",1,IF(C24="Prospective",IF(Assumptions!$B$6="Active only",0,Assumptions!$B$7),0))) -> 1 | BN24: 5
A25: 2256 | B25: {=IF(BI25="","",INDEX(pjName,BI25))} -> Marigold Promenade | C25: {=IF(BI25="","",IF(INDEX(pjStatus,BI25)="","",INDEX(pjStatus,BI25)))} -> Active | D25: {=IFERROR(INDEX(tblStaff[Initials],BN25),"")} -> KD | E25: {=IF(OR(BI25="",D25=""),"",IFERROR(SUMPRODUCT((pjNo=A25)*(pjType="Phase")*INDEX(Projects!$I$5:$O$1188,0,MATCH(D25,Projects!$I$4:$O$4,0))*pjWk),0))} -> 0 | F25: =IF(BI25="","",SUM(H25:BG25)) -> 0 | G25: =IF(OR(E25="",F25=""),"",E25-F25) -> 0 | BI25: {=IF(A25="","",IFERROR(MATCH(1,INDEX((pjNo=A25)*(pjType="Project"),0),0),""))} -> 1 | BJ25: =IF(D25="","",IFERROR(INDEX(tblStaff[Staff Level],MATCH(D25,tblStaff[Initials],0)),"?")) -> Mid Level Designer | BK25: {=IF(BI25="","",INDEX(pjStart,BI25))} -> 46478 | BL25: {=IF(BI25="","",INDEX(pjEnd,BI25))} -> 46665 | BM25: =IF(BI25="",0,IF(C25="Active",1,IF(C25="Prospective",IF(Assumptions!$B$6="Active only",0,Assumptions!$B$7),0))) -> 1 | BN25: 6
A26: 2256 | B26: {=IF(BI26="","",INDEX(pjName,BI26))} -> Marigold Promenade | C26: {=IF(BI26="","",IF(INDEX(pjStatus,BI26)="","",INDEX(pjStatus,BI26)))} -> Active | D26: {=IFERROR(INDEX(tblStaff[Initials],BN26),"")} -> XX | E26: {=IF(OR(BI26="",D26=""),"",IFERROR(SUMPRODUCT((pjNo=A26)*(pjType="Phase")*INDEX(Projects!$I$5:$O$1188,0,MATCH(D26,Projects!$I$4:$O$4,0))*pjWk),0))} -> 0 | F26: =IF(BI26="","",SUM(H26:BG26)) -> 0 | G26: =IF(OR(E26="",F26=""),"",E26-F26) -> 0 | BI26: {=IF(A26="","",IFERROR(MATCH(1,INDEX((pjNo=A26)*(pjType="Project"),0),0),""))} -> 1 | BJ26: =IF(D26="","",IFERROR(INDEX(tblStaff[Staff Level],MATCH(D26,tblStaff[Initials],0)),"?")) -> Project Designer | BK26: {=IF(BI26="","",INDEX(pjStart,BI26))} -> 46478 | BL26: {=IF(BI26="","",INDEX(pjEnd,BI26))} -> 46665 | BM26: =IF(BI26="",0,IF(C26="Active",1,IF(C26="Prospective",IF(Assumptions!$B$6="Active only",0,Assumptions!$B$7),0))) -> 1 | BN26: 7
A27: 2256 | B27: {=IF(BI27="","",INDEX(pjName,BI27))} -> Marigold Promenade | C27: {=IF(BI27="","",IF(INDEX(pjStatus,BI27)="","",INDEX(pjStatus,BI27)))} -> Active | D27: {=IFERROR(INDEX(tblStaff[Initials],BN27),"")} | E27: {=IF(OR(BI27="",D27=""),"",IFERROR(SUMPRODUCT((pjNo=A27)*(pjType="Phase")*INDEX(Projects!$I$5:$O$1188,0,MATCH(D27,Projects!$I$4:$O$4,0))*pjWk),0))} | F27: =IF(BI27="","",SUM(H27:BG27)) -> 0 | G27: =IF(OR(E27="",F27=""),"",E27-F27) | BI27: {=IF(A27="","",IFERROR(MATCH(1,INDEX((pjNo=A27)*(pjType="Project"),0),0),""))} -> 1 | BJ27: =IF(D27="","",IFERROR(INDEX(tblStaff[Staff Level],MATCH(D27,tblStaff[Initials],0)),"?")) | BK27: {=IF(BI27="","",INDEX(pjStart,BI27))} -> 46478 | BL27: {=IF(BI27="","",INDEX(pjEnd,BI27))} -> 46665 | BM27: =IF(BI27="",0,IF(C27="Active",1,IF(C27="Prospective",IF(Assumptions!$B$6="Active only",0,Assumptions!$B$7),0))) -> 1 | BN27: 8
B28: =IF(A29="","",A29&" · "&B29) -> 2348 · Fairhaven Senior Housing | C28: =IF(A29="","",C29) -> Inactive | E28: =SUM(E29:E36) -> 0 | F28: =SUM(F29:F36) -> 0 | G28: =IF(E28=0,"",E28-F28) | H28: =SUM(H29:H36) -> 0 | I28: =SUM(I29:I36) -> 0 | J28: =SUM(J29:J36) -> 0 | K28: =SUM(K29:K36) -> 0 | L28: =SUM(L29:L36) -> 0 | M28: =SUM(M29:M36) -> 0 | N28: =SUM(N29:N36) -> 0 | O28: =SUM(O29:O36) -> 0 | ... BG28: =SUM(BG29:BG36) -> 0
A29: 2348 | B29: {=IF(BI29="","",INDEX(pjName,BI29))} -> Fairhaven Senior Housing | C29: {=IF(BI29="","",IF(INDEX(pjStatus,BI29)="","",INDEX(pjStatus,BI29)))} -> Inactive | D29: {=IFERROR(INDEX(tblStaff[Initials],BN29),"")} -> PK | E29: {=IF(OR(BI29="",D29=""),"",IFERROR(SUMPRODUCT((pjNo=A29)*(pjType="Phase")*INDEX(Projects!$I$5:$O$1188,0,MATCH(D29,Projects!$I$4:$O$4,0))*pjWk),0))} -> 0 | F29: =IF(BI29="","",SUM(H29:BG29)) -> 0 | G29: =IF(OR(E29="",F29=""),"",E29-F29) -> 0 | BI29: {=IF(A29="","",IFERROR(MATCH(1,INDEX((pjNo=A29)*(pjType="Project"),0),0),""))} -> 3 | BJ29: =IF(D29="","",IFERROR(INDEX(tblStaff[Staff Level],MATCH(D29,tblStaff[Initials],0)),"?")) -> Principal | BK29: {=IF(BI29="","",INDEX(pjStart,BI29))} | BL29: {=IF(BI29="","",INDEX(pjEnd,BI29))} | BM29: =IF(BI29="",0,IF(C29="Active",1,IF(C29="Prospective",IF(Assumptions!$B$6="Active only",0,Assumptions!$B$7),0))) -> 0 | BN29: 1
A30: 2348 | B30: {=IF(BI30="","",INDEX(pjName,BI30))} -> Fairhaven Senior Housing | C30: {=IF(BI30="","",IF(INDEX(pjStatus,BI30)="","",INDEX(pjStatus,BI30)))} -> Inactive | D30: {=IFERROR(INDEX(tblStaff[Initials],BN30),"")} -> DF | E30: {=IF(OR(BI30="",D30=""),"",IFERROR(SUMPRODUCT((pjNo=A30)*(pjType="Phase")*INDEX(Projects!$I$5:$O$1188,0,MATCH(D30,Projects!$I$4:$O$4,0))*pjWk),0))} -> 0 | F30: =IF(BI30="","",SUM(H30:BG30)) -> 0 | G30: =IF(OR(E30="",F30=""),"",E30-F30) -> 0 | BI30: {=IF(A30="","",IFERROR(MATCH(1,INDEX((pjNo=A30)*(pjType="Project"),0),0),""))} -> 3 | BJ30: =IF(D30="","",IFERROR(INDEX(tblStaff[Staff Level],MATCH(D30,tblStaff[Initials],0)),"?")) -> Principal | BK30: {=IF(BI30="","",INDEX(pjStart,BI30))} | BL30: {=IF(BI30="","",INDEX(pjEnd,BI30))} | BM30: =IF(BI30="",0,IF(C30="Active",1,IF(C30="Prospective",IF(Assumptions!$B$6="Active only",0,Assumptions!$B$7),0))) -> 0 | BN30: 2
A31: 2348 | B31: {=IF(BI31="","",INDEX(pjName,BI31))} -> Fairhaven Senior Housing | C31: {=IF(BI31="","",IF(INDEX(pjStatus,BI31)="","",INDEX(pjStatus,BI31)))} -> Inactive | D31: {=IFERROR(INDEX(tblStaff[Initials],BN31),"")} -> KJ | E31: {=IF(OR(BI31="",D31=""),"",IFERROR(SUMPRODUCT((pjNo=A31)*(pjType="Phase")*INDEX(Projects!$I$5:$O$1188,0,MATCH(D31,Projects!$I$4:$O$4,0))*pjWk),0))} -> 0 | F31: =IF(BI31="","",SUM(H31:BG31)) -> 0 | G31: =IF(OR(E31="",F31=""),"",E31-F31) -> 0 | BI31: {=IF(A31="","",IFERROR(MATCH(1,INDEX((pjNo=A31)*(pjType="Project"),0),0),""))} -> 3 | BJ31: =IF(D31="","",IFERROR(INDEX(tblStaff[Staff Level],MATCH(D31,tblStaff[Initials],0)),"?")) -> Director | BK31: {=IF(BI31="","",INDEX(pjStart,BI31))} | BL31: {=IF(BI31="","",INDEX(pjEnd,BI31))} | BM31: =IF(BI31="",0,IF(C31="Active",1,IF(C31="Prospective",IF(Assumptions!$B$6="Active only",0,Assumptions!$B$7),0))) -> 0 | BN31: 3
A32: 2348 | B32: {=IF(BI32="","",INDEX(pjName,BI32))} -> Fairhaven Senior Housing | C32: {=IF(BI32="","",IF(INDEX(pjStatus,BI32)="","",INDEX(pjStatus,BI32)))} -> Inactive | D32: {=IFERROR(INDEX(tblStaff[Initials],BN32),"")} -> HL | E32: {=IF(OR(BI32="",D32=""),"",IFERROR(SUMPRODUCT((pjNo=A32)*(pjType="Phase")*INDEX(Projects!$I$5:$O$1188,0,MATCH(D32,Projects!$I$4:$O$4,0))*pjWk),0))} -> 0 | F32: =IF(BI32="","",SUM(H32:BG32)) -> 0 | G32: =IF(OR(E32="",F32=""),"",E32-F32) -> 0 | BI32: {=IF(A32="","",IFERROR(MATCH(1,INDEX((pjNo=A32)*(pjType="Project"),0),0),""))} -> 3 | BJ32: =IF(D32="","",IFERROR(INDEX(tblStaff[Staff Level],MATCH(D32,tblStaff[Initials],0)),"?")) -> Senior Designer | BK32: {=IF(BI32="","",INDEX(pjStart,BI32))} | BL32: {=IF(BI32="","",INDEX(pjEnd,BI32))} | BM32: =IF(BI32="",0,IF(C32="Active",1,IF(C32="Prospective",IF(Assumptions!$B$6="Active only",0,Assumptions!$B$7),0))) -> 0 | BN32: 4
A33: 2348 | B33: {=IF(BI33="","",INDEX(pjName,BI33))} -> Fairhaven Senior Housing | C33: {=IF(BI33="","",IF(INDEX(pjStatus,BI33)="","",INDEX(pjStatus,BI33)))} -> Inactive | D33: {=IFERROR(INDEX(tblStaff[Initials],BN33),"")} -> EHH | E33: {=IF(OR(BI33="",D33=""),"",IFERROR(SUMPRODUCT((pjNo=A33)*(pjType="Phase")*INDEX(Projects!$I$5:$O$1188,0,MATCH(D33,Projects!$I$4:$O$4,0))*pjWk),0))} -> 0 | F33: =IF(BI33="","",SUM(H33:BG33)) -> 0 | G33: =IF(OR(E33="",F33=""),"",E33-F33) -> 0 | BI33: {=IF(A33="","",IFERROR(MATCH(1,INDEX((pjNo=A33)*(pjType="Project"),0),0),""))} -> 3 | BJ33: =IF(D33="","",IFERROR(INDEX(tblStaff[Staff Level],MATCH(D33,tblStaff[Initials],0)),"?")) -> Mid Level Designer | BK33: {=IF(BI33="","",INDEX(pjStart,BI33))} | BL33: {=IF(BI33="","",INDEX(pjEnd,BI33))} | BM33: =IF(BI33="",0,IF(C33="Active",1,IF(C33="Prospective",IF(Assumptions!$B$6="Active only",0,Assumptions!$B$7),0))) -> 0 | BN33: 5
A34: 2348 | B34: {=IF(BI34="","",INDEX(pjName,BI34))} -> Fairhaven Senior Housing | C34: {=IF(BI34="","",IF(INDEX(pjStatus,BI34)="","",INDEX(pjStatus,BI34)))} -> Inactive | D34: {=IFERROR(INDEX(tblStaff[Initials],BN34),"")} -> KD | E34: {=IF(OR(BI34="",D34=""),"",IFERROR(SUMPRODUCT((pjNo=A34)*(pjType="Phase")*INDEX(Projects!$I$5:$O$1188,0,MATCH(D34,Projects!$I$4:$O$4,0))*pjWk),0))} -> 0 | F34: =IF(BI34="","",SUM(H34:BG34)) -> 0 | G34: =IF(OR(E34="",F34=""),"",E34-F34) -> 0 | BI34: {=IF(A34="","",IFERROR(MATCH(1,INDEX((pjNo=A34)*(pjType="Project"),0),0),""))} -> 3 | BJ34: =IF(D34="","",IFERROR(INDEX(tblStaff[Staff Level],MATCH(D34,tblStaff[Initials],0)),"?")) -> Mid Level Designer | BK34: {=IF(BI34="","",INDEX(pjStart,BI34))} | BL34: {=IF(BI34="","",INDEX(pjEnd,BI34))} | BM34: =IF(BI34="",0,IF(C34="Active",1,IF(C34="Prospective",IF(Assumptions!$B$6="Active only",0,Assumptions!$B$7),0))) -> 0 | BN34: 6
A35: 2348 | B35: {=IF(BI35="","",INDEX(pjName,BI35))} -> Fairhaven Senior Housing | C35: {=IF(BI35="","",IF(INDEX(pjStatus,BI35)="","",INDEX(pjStatus,BI35)))} -> Inactive | D35: {=IFERROR(INDEX(tblStaff[Initials],BN35),"")} -> XX | E35: {=IF(OR(BI35="",D35=""),"",IFERROR(SUMPRODUCT((pjNo=A35)*(pjType="Phase")*INDEX(Projects!$I$5:$O$1188,0,MATCH(D35,Projects!$I$4:$O$4,0))*pjWk),0))} -> 0 | F35: =IF(BI35="","",SUM(H35:BG35)) -> 0 | G35: =IF(OR(E35="",F35=""),"",E35-F35) -> 0 | BI35: {=IF(A35="","",IFERROR(MATCH(1,INDEX((pjNo=A35)*(pjType="Project"),0),0),""))} -> 3 | BJ35: =IF(D35="","",IFERROR(INDEX(tblStaff[Staff Level],MATCH(D35,tblStaff[Initials],0)),"?")) -> Project Designer | BK35: {=IF(BI35="","",INDEX(pjStart,BI35))} | BL35: {=IF(BI35="","",INDEX(pjEnd,BI35))} | BM35: =IF(BI35="",0,IF(C35="Active",1,IF(C35="Prospective",IF(Assumptions!$B$6="Active only",0,Assumptions!$B$7),0))) -> 0 | BN35: 7
A36: 2348 | B36: {=IF(BI36="","",INDEX(pjName,BI36))} -> Fairhaven Senior Housing | C36: {=IF(BI36="","",IF(INDEX(pjStatus,BI36)="","",INDEX(pjStatus,BI36)))} -> Inactive | D36: {=IFERROR(INDEX(tblStaff[Initials],BN36),"")} | E36: {=IF(OR(BI36="",D36=""),"",IFERROR(SUMPRODUCT((pjNo=A36)*(pjType="Phase")*INDEX(Projects!$I$5:$O$1188,0,MATCH(D36,Projects!$I$4:$O$4,0))*pjWk),0))} | F36: =IF(BI36="","",SUM(H36:BG36)) -> 0 | G36: =IF(OR(E36="",F36=""),"",E36-F36) | BI36: {=IF(A36="","",IFERROR(MATCH(1,INDEX((pjNo=A36)*(pjType="Project"),0),0),""))} -> 3 | BJ36: =IF(D36="","",IFERROR(INDEX(tblStaff[Staff Level],MATCH(D36,tblStaff[Initials],0)),"?")) | BK36: {=IF(BI36="","",INDEX(pjStart,BI36))} | BL36: {=IF(BI36="","",INDEX(pjEnd,BI36))} | BM36: =IF(BI36="",0,IF(C36="Active",1,IF(C36="Prospective",IF(Assumptions!$B$6="Active only",0,Assumptions!$B$7),0))) -> 0 | BN36: 8
B37: =IF(A38="","",A38&" · "&B38) -> 2370 · Tamarack Housing | C37: =IF(A38="","",C38) -> Inactive | E37: =SUM(E38:E45) -> 0 | F37: =SUM(F38:F45) -> 0 | G37: =IF(E37=0,"",E37-F37) | H37: =SUM(H38:H45) -> 0 | I37: =SUM(I38:I45) -> 0 | J37: =SUM(J38:J45) -> 0 | K37: =SUM(K38:K45) -> 0 | L37: =SUM(L38:L45) -> 0 | M37: =SUM(M38:M45) -> 0 | N37: =SUM(N38:N45) -> 0 | O37: =SUM(O38:O45) -> 0 | ... BG37: =SUM(BG38:BG45) -> 0
A38: 2370 | B38: {=IF(BI38="","",INDEX(pjName,BI38))} -> Tamarack Housing | C38: {=IF(BI38="","",IF(INDEX(pjStatus,BI38)="","",INDEX(pjStatus,BI38)))} -> Inactive | D38: {=IFERROR(INDEX(tblStaff[Initials],BN38),"")} -> PK | E38: {=IF(OR(BI38="",D38=""),"",IFERROR(SUMPRODUCT((pjNo=A38)*(pjType="Phase")*INDEX(Projects!$I$5:$O$1188,0,MATCH(D38,Projects!$I$4:$O$4,0))*pjWk),0))} -> 0 | F38: =IF(BI38="","",SUM(H38:BG38)) -> 0 | G38: =IF(OR(E38="",F38=""),"",E38-F38) -> 0 | BI38: {=IF(A38="","",IFERROR(MATCH(1,INDEX((pjNo=A38)*(pjType="Project"),0),0),""))} -> 12 | BJ38: =IF(D38="","",IFERROR(INDEX(tblStaff[Staff Level],MATCH(D38,tblStaff[Initials],0)),"?")) -> Principal | BK38: {=IF(BI38="","",INDEX(pjStart,BI38))} | BL38: {=IF(BI38="","",INDEX(pjEnd,BI38))} | BM38: =IF(BI38="",0,IF(C38="Active",1,IF(C38="Prospective",IF(Assumptions!$B$6="Active only",0,Assumptions!$B$7),0))) -> 0 | BN38: 1
A39: 2370 | B39: {=IF(BI39="","",INDEX(pjName,BI39))} -> Tamarack Housing | C39: {=IF(BI39="","",IF(INDEX(pjStatus,BI39)="","",INDEX(pjStatus,BI39)))} -> Inactive | D39: {=IFERROR(INDEX(tblStaff[Initials],BN39),"")} -> DF | E39: {=IF(OR(BI39="",D39=""),"",IFERROR(SUMPRODUCT((pjNo=A39)*(pjType="Phase")*INDEX(Projects!$I$5:$O$1188,0,MATCH(D39,Projects!$I$4:$O$4,0))*pjWk),0))} -> 0 | F39: =IF(BI39="","",SUM(H39:BG39)) -> 0 | G39: =IF(OR(E39="",F39=""),"",E39-F39) -> 0 | BI39: {=IF(A39="","",IFERROR(MATCH(1,INDEX((pjNo=A39)*(pjType="Project"),0),0),""))} -> 12 | BJ39: =IF(D39="","",IFERROR(INDEX(tblStaff[Staff Level],MATCH(D39,tblStaff[Initials],0)),"?")) -> Principal | BK39: {=IF(BI39="","",INDEX(pjStart,BI39))} | BL39: {=IF(BI39="","",INDEX(pjEnd,BI39))} | BM39: =IF(BI39="",0,IF(C39="Active",1,IF(C39="Prospective",IF(Assumptions!$B$6="Active only",0,Assumptions!$B$7),0))) -> 0 | BN39: 2
A40: 2370 | B40: {=IF(BI40="","",INDEX(pjName,BI40))} -> Tamarack Housing | C40: {=IF(BI40="","",IF(INDEX(pjStatus,BI40)="","",INDEX(pjStatus,BI40)))} -> Inactive | D40: {=IFERROR(INDEX(tblStaff[Initials],BN40),"")} -> KJ | E40: {=IF(OR(BI40="",D40=""),"",IFERROR(SUMPRODUCT((pjNo=A40)*(pjType="Phase")*INDEX(Projects!$I$5:$O$1188,0,MATCH(D40,Projects!$I$4:$O$4,0))*pjWk),0))} -> 0 | F40: =IF(BI40="","",SUM(H40:BG40)) -> 0 | G40: =IF(OR(E40="",F40=""),"",E40-F40) -> 0 | BI40: {=IF(A40="","",IFERROR(MATCH(1,INDEX((pjNo=A40)*(pjType="Project"),0),0),""))} -> 12 | BJ40: =IF(D40="","",IFERROR(INDEX(tblStaff[Staff Level],MATCH(D40,tblStaff[Initials],0)),"?")) -> Director | BK40: {=IF(BI40="","",INDEX(pjStart,BI40))} | BL40: {=IF(BI40="","",INDEX(pjEnd,BI40))} | BM40: =IF(BI40="",0,IF(C40="Active",1,IF(C40="Prospective",IF(Assumptions!$B$6="Active only",0,Assumptions!$B$7),0))) -> 0 | BN40: 3
A41: 2370 | B41: {=IF(BI41="","",INDEX(pjName,BI41))} -> Tamarack Housing | C41: {=IF(BI41="","",IF(INDEX(pjStatus,BI41)="","",INDEX(pjStatus,BI41)))} -> Inactive | D41: {=IFERROR(INDEX(tblStaff[Initials],BN41),"")} -> HL | E41: {=IF(OR(BI41="",D41=""),"",IFERROR(SUMPRODUCT((pjNo=A41)*(pjType="Phase")*INDEX(Projects!$I$5:$O$1188,0,MATCH(D41,Projects!$I$4:$O$4,0))*pjWk),0))} -> 0 | F41: =IF(BI41="","",SUM(H41:BG41)) -> 0 | G41: =IF(OR(E41="",F41=""),"",E41-F41) -> 0 | BI41: {=IF(A41="","",IFERROR(MATCH(1,INDEX((pjNo=A41)*(pjType="Project"),0),0),""))} -> 12 | BJ41: =IF(D41="","",IFERROR(INDEX(tblStaff[Staff Level],MATCH(D41,tblStaff[Initials],0)),"?")) -> Senior Designer | BK41: {=IF(BI41="","",INDEX(pjStart,BI41))} | BL41: {=IF(BI41="","",INDEX(pjEnd,BI41))} | BM41: =IF(BI41="",0,IF(C41="Active",1,IF(C41="Prospective",IF(Assumptions!$B$6="Active only",0,Assumptions!$B$7),0))) -> 0 | BN41: 4
A42: 2370 | B42: {=IF(BI42="","",INDEX(pjName,BI42))} -> Tamarack Housing | C42: {=IF(BI42="","",IF(INDEX(pjStatus,BI42)="","",INDEX(pjStatus,BI42)))} -> Inactive | D42: {=IFERROR(INDEX(tblStaff[Initials],BN42),"")} -> EHH | E42: {=IF(OR(BI42="",D42=""),"",IFERROR(SUMPRODUCT((pjNo=A42)*(pjType="Phase")*INDEX(Projects!$I$5:$O$1188,0,MATCH(D42,Projects!$I$4:$O$4,0))*pjWk),0))} -> 0 | F42: =IF(BI42="","",SUM(H42:BG42)) -> 0 | G42: =IF(OR(E42="",F42=""),"",E42-F42) -> 0 | BI42: {=IF(A42="","",IFERROR(MATCH(1,INDEX((pjNo=A42)*(pjType="Project"),0),0),""))} -> 12 | BJ42: =IF(D42="","",IFERROR(INDEX(tblStaff[Staff Level],MATCH(D42,tblStaff[Initials],0)),"?")) -> Mid Level Designer | BK42: {=IF(BI42="","",INDEX(pjStart,BI42))} | BL42: {=IF(BI42="","",INDEX(pjEnd,BI42))} | BM42: =IF(BI42="",0,IF(C42="Active",1,IF(C42="Prospective",IF(Assumptions!$B$6="Active only",0,Assumptions!$B$7),0))) -> 0 | BN42: 5
A43: 2370 | B43: {=IF(BI43="","",INDEX(pjName,BI43))} -> Tamarack Housing | C43: {=IF(BI43="","",IF(INDEX(pjStatus,BI43)="","",INDEX(pjStatus,BI43)))} -> Inactive | D43: {=IFERROR(INDEX(tblStaff[Initials],BN43),"")} -> KD | E43: {=IF(OR(BI43="",D43=""),"",IFERROR(SUMPRODUCT((pjNo=A43)*(pjType="Phase")*INDEX(Projects!$I$5:$O$1188,0,MATCH(D43,Projects!$I$4:$O$4,0))*pjWk),0))} -> 0 | F43: =IF(BI43="","",SUM(H43:BG43)) -> 0 | G43: =IF(OR(E43="",F43=""),"",E43-F43) -> 0 | BI43: {=IF(A43="","",IFERROR(MATCH(1,INDEX((pjNo=A43)*(pjType="Project"),0),0),""))} -> 12 | BJ43: =IF(D43="","",IFERROR(INDEX(tblStaff[Staff Level],MATCH(D43,tblStaff[Initials],0)),"?")) -> Mid Level Designer | BK43: {=IF(BI43="","",INDEX(pjStart,BI43))} | BL43: {=IF(BI43="","",INDEX(pjEnd,BI43))} | BM43: =IF(BI43="",0,IF(C43="Active",1,IF(C43="Prospective",IF(Assumptions!$B$6="Active only",0,Assumptions!$B$7),0))) -> 0 | BN43: 6
A44: 2370 | B44: {=IF(BI44="","",INDEX(pjName,BI44))} -> Tamarack Housing | C44: {=IF(BI44="","",IF(INDEX(pjStatus,BI44)="","",INDEX(pjStatus,BI44)))} -> Inactive | D44: {=IFERROR(INDEX(tblStaff[Initials],BN44),"")} -> XX | E44: {=IF(OR(BI44="",D44=""),"",IFERROR(SUMPRODUCT((pjNo=A44)*(pjType="Phase")*INDEX(Projects!$I$5:$O$1188,0,MATCH(D44,Projects!$I$4:$O$4,0))*pjWk),0))} -> 0 | F44: =IF(BI44="","",SUM(H44:BG44)) -> 0 | G44: =IF(OR(E44="",F44=""),"",E44-F44) -> 0 | BI44: {=IF(A44="","",IFERROR(MATCH(1,INDEX((pjNo=A44)*(pjType="Project"),0),0),""))} -> 12 | BJ44: =IF(D44="","",IFERROR(INDEX(tblStaff[Staff Level],MATCH(D44,tblStaff[Initials],0)),"?")) -> Project Designer | BK44: {=IF(BI44="","",INDEX(pjStart,BI44))} | BL44: {=IF(BI44="","",INDEX(pjEnd,BI44))} | BM44: =IF(BI44="",0,IF(C44="Active",1,IF(C44="Prospective",IF(Assumptions!$B$6="Active only",0,Assumptions!$B$7),0))) -> 0 | BN44: 7
A45: 2370 | B45: {=IF(BI45="","",INDEX(pjName,BI45))} -> Tamarack Housing | C45: {=IF(BI45="","",IF(INDEX(pjStatus,BI45)="","",INDEX(pjStatus,BI45)))} -> Inactive | D45: {=IFERROR(INDEX(tblStaff[Initials],BN45),"")} | E45: {=IF(OR(BI45="",D45=""),"",IFERROR(SUMPRODUCT((pjNo=A45)*(pjType="Phase")*INDEX(Projects!$I$5:$O$1188,0,MATCH(D45,Projects!$I$4:$O$4,0))*pjWk),0))} | F45: =IF(BI45="","",SUM(H45:BG45)) -> 0 | G45: =IF(OR(E45="",F45=""),"",E45-F45) | BI45: {=IF(A45="","",IFERROR(MATCH(1,INDEX((pjNo=A45)*(pjType="Project"),0),0),""))} -> 12 | BJ45: =IF(D45="","",IFERROR(INDEX(tblStaff[Staff Level],MATCH(D45,tblStaff[Initials],0)),"?")) | BK45: {=IF(BI45="","",INDEX(pjStart,BI45))} | BL45: {=IF(BI45="","",INDEX(pjEnd,BI45))} | BM45: =IF(BI45="",0,IF(C45="Active",1,IF(C45="Prospective",IF(Assumptions!$B$6="Active only",0,Assumptions!$B$7),0))) -> 0 | BN45: 8
B46: =IF(A47="","",A47&" · "&B47) -> 2458 · Summit Ridge Village | C46: =IF(A47="","",C47) -> Inactive | E46: =SUM(E47:E54) -> 0 | F46: =SUM(F47:F54) -> 0 | G46: =IF(E46=0,"",E46-F46) | H46: =SUM(H47:H54) -> 0 | I46: =SUM(I47:I54) -> 0 | J46: =SUM(J47:J54) -> 0 | K46: =SUM(K47:K54) -> 0 | L46: =SUM(L47:L54) -> 0 | M46: =SUM(M47:M54) -> 0 | N46: =SUM(N47:N54) -> 0 | O46: =SUM(O47:O54) -> 0 | ... BG46: =SUM(BG47:BG54) -> 0
A47: 2458 | B47: {=IF(BI47="","",INDEX(pjName,BI47))} -> Summit Ridge Village | C47: {=IF(BI47="","",IF(INDEX(pjStatus,BI47)="","",INDEX(pjStatus,BI47)))} -> Inactive | D47: {=IFERROR(INDEX(tblStaff[Initials],BN47),"")} -> PK | E47: {=IF(OR(BI47="",D47=""),"",IFERROR(SUMPRODUCT((pjNo=A47)*(pjType="Phase")*INDEX(Projects!$I$5:$O$1188,0,MATCH(D47,Projects!$I$4:$O$4,0))*pjWk),0))} -> 0 | F47: =IF(BI47="","",SUM(H47:BG47)) -> 0 | G47: =IF(OR(E47="",F47=""),"",E47-F47) -> 0 | BI47: {=IF(A47="","",IFERROR(MATCH(1,INDEX((pjNo=A47)*(pjType="Project"),0),0),""))} -> 21 | BJ47: =IF(D47="","",IFERROR(INDEX(tblStaff[Staff Level],MATCH(D47,tblStaff[Initials],0)),"?")) -> Principal | BK47: {=IF(BI47="","",INDEX(pjStart,BI47))} | BL47: {=IF(BI47="","",INDEX(pjEnd,BI47))} | BM47: =IF(BI47="",0,IF(C47="Active",1,IF(C47="Prospective",IF(Assumptions!$B$6="Active only",0,Assumptions!$B$7),0))) -> 0 | BN47: 1
A48: 2458 | B48: {=IF(BI48="","",INDEX(pjName,BI48))} -> Summit Ridge Village | C48: {=IF(BI48="","",IF(INDEX(pjStatus,BI48)="","",INDEX(pjStatus,BI48)))} -> Inactive | D48: {=IFERROR(INDEX(tblStaff[Initials],BN48),"")} -> DF | E48: {=IF(OR(BI48="",D48=""),"",IFERROR(SUMPRODUCT((pjNo=A48)*(pjType="Phase")*INDEX(Projects!$I$5:$O$1188,0,MATCH(D48,Projects!$I$4:$O$4,0))*pjWk),0))} -> 0 | F48: =IF(BI48="","",SUM(H48:BG48)) -> 0 | G48: =IF(OR(E48="",F48=""),"",E48-F48) -> 0 | BI48: {=IF(A48="","",IFERROR(MATCH(1,INDEX((pjNo=A48)*(pjType="Project"),0),0),""))} -> 21 | BJ48: =IF(D48="","",IFERROR(INDEX(tblStaff[Staff Level],MATCH(D48,tblStaff[Initials],0)),"?")) -> Principal | BK48: {=IF(BI48="","",INDEX(pjStart,BI48))} | BL48: {=IF(BI48="","",INDEX(pjEnd,BI48))} | BM48: =IF(BI48="",0,IF(C48="Active",1,IF(C48="Prospective",IF(Assumptions!$B$6="Active only",0,Assumptions!$B$7),0))) -> 0 | BN48: 2
A49: 2458 | B49: {=IF(BI49="","",INDEX(pjName,BI49))} -> Summit Ridge Village | C49: {=IF(BI49="","",IF(INDEX(pjStatus,BI49)="","",INDEX(pjStatus,BI49)))} -> Inactive | D49: {=IFERROR(INDEX(tblStaff[Initials],BN49),"")} -> KJ | E49: {=IF(OR(BI49="",D49=""),"",IFERROR(SUMPRODUCT((pjNo=A49)*(pjType="Phase")*INDEX(Projects!$I$5:$O$1188,0,MATCH(D49,Projects!$I$4:$O$4,0))*pjWk),0))} -> 0 | F49: =IF(BI49="","",SUM(H49:BG49)) -> 0 | G49: =IF(OR(E49="",F49=""),"",E49-F49) -> 0 | BI49: {=IF(A49="","",IFERROR(MATCH(1,INDEX((pjNo=A49)*(pjType="Project"),0),0),""))} -> 21 | BJ49: =IF(D49="","",IFERROR(INDEX(tblStaff[Staff Level],MATCH(D49,tblStaff[Initials],0)),"?")) -> Director | BK49: {=IF(BI49="","",INDEX(pjStart,BI49))} | BL49: {=IF(BI49="","",INDEX(pjEnd,BI49))} | BM49: =IF(BI49="",0,IF(C49="Active",1,IF(C49="Prospective",IF(Assumptions!$B$6="Active only",0,Assumptions!$B$7),0))) -> 0 | BN49: 3
A50: 2458 | B50: {=IF(BI50="","",INDEX(pjName,BI50))} -> Summit Ridge Village | C50: {=IF(BI50="","",IF(INDEX(pjStatus,BI50)="","",INDEX(pjStatus,BI50)))} -> Inactive | D50: {=IFERROR(INDEX(tblStaff[Initials],BN50),"")} -> HL | E50: {=IF(OR(BI50="",D50=""),"",IFERROR(SUMPRODUCT((pjNo=A50)*(pjType="Phase")*INDEX(Projects!$I$5:$O$1188,0,MATCH(D50,Projects!$I$4:$O$4,0))*pjWk),0))} -> 0 | F50: =IF(BI50="","",SUM(H50:BG50)) -> 0 | G50: =IF(OR(E50="",F50=""),"",E50-F50) -> 0 | BI50: {=IF(A50="","",IFERROR(MATCH(1,INDEX((pjNo=A50)*(pjType="Project"),0),0),""))} -> 21 | BJ50: =IF(D50="","",IFERROR(INDEX(tblStaff[Staff Level],MATCH(D50,tblStaff[Initials],0)),"?")) -> Senior Designer | BK50: {=IF(BI50="","",INDEX(pjStart,BI50))} | BL50: {=IF(BI50="","",INDEX(pjEnd,BI50))} | BM50: =IF(BI50="",0,IF(C50="Active",1,IF(C50="Prospective",IF(Assumptions!$B$6="Active only",0,Assumptions!$B$7),0))) -> 0 | BN50: 4
A51: 2458 | B51: {=IF(BI51="","",INDEX(pjName,BI51))} -> Summit Ridge Village | C51: {=IF(BI51="","",IF(INDEX(pjStatus,BI51)="","",INDEX(pjStatus,BI51)))} -> Inactive | D51: {=IFERROR(INDEX(tblStaff[Initials],BN51),"")} -> EHH | E51: {=IF(OR(BI51="",D51=""),"",IFERROR(SUMPRODUCT((pjNo=A51)*(pjType="Phase")*INDEX(Projects!$I$5:$O$1188,0,MATCH(D51,Projects!$I$4:$O$4,0))*pjWk),0))} -> 0 | F51: =IF(BI51="","",SUM(H51:BG51)) -> 0 | G51: =IF(OR(E51="",F51=""),"",E51-F51) -> 0 | BI51: {=IF(A51="","",IFERROR(MATCH(1,INDEX((pjNo=A51)*(pjType="Project"),0),0),""))} -> 21 | BJ51: =IF(D51="","",IFERROR(INDEX(tblStaff[Staff Level],MATCH(D51,tblStaff[Initials],0)),"?")) -> Mid Level Designer | BK51: {=IF(BI51="","",INDEX(pjStart,BI51))} | BL51: {=IF(BI51="","",INDEX(pjEnd,BI51))} | BM51: =IF(BI51="",0,IF(C51="Active",1,IF(C51="Prospective",IF(Assumptions!$B$6="Active only",0,Assumptions!$B$7),0))) -> 0 | BN51: 5
A52: 2458 | B52: {=IF(BI52="","",INDEX(pjName,BI52))} -> Summit Ridge Village | C52: {=IF(BI52="","",IF(INDEX(pjStatus,BI52)="","",INDEX(pjStatus,BI52)))} -> Inactive | D52: {=IFERROR(INDEX(tblStaff[Initials],BN52),"")} -> KD | E52: {=IF(OR(BI52="",D52=""),"",IFERROR(SUMPRODUCT((pjNo=A52)*(pjType="Phase")*INDEX(Projects!$I$5:$O$1188,0,MATCH(D52,Projects!$I$4:$O$4,0))*pjWk),0))} -> 0 | F52: =IF(BI52="","",SUM(H52:BG52)) -> 0 | G52: =IF(OR(E52="",F52=""),"",E52-F52) -> 0 | BI52: {=IF(A52="","",IFERROR(MATCH(1,INDEX((pjNo=A52)*(pjType="Project"),0),0),""))} -> 21 | BJ52: =IF(D52="","",IFERROR(INDEX(tblStaff[Staff Level],MATCH(D52,tblStaff[Initials],0)),"?")) -> Mid Level Designer | BK52: {=IF(BI52="","",INDEX(pjStart,BI52))} | BL52: {=IF(BI52="","",INDEX(pjEnd,BI52))} | BM52: =IF(BI52="",0,IF(C52="Active",1,IF(C52="Prospective",IF(Assumptions!$B$6="Active only",0,Assumptions!$B$7),0))) -> 0 | BN52: 6
A53: 2458 | B53: {=IF(BI53="","",INDEX(pjName,BI53))} -> Summit Ridge Village | C53: {=IF(BI53="","",IF(INDEX(pjStatus,BI53)="","",INDEX(pjStatus,BI53)))} -> Inactive | D53: {=IFERROR(INDEX(tblStaff[Initials],BN53),"")} -> XX | E53: {=IF(OR(BI53="",D53=""),"",IFERROR(SUMPRODUCT((pjNo=A53)*(pjType="Phase")*INDEX(Projects!$I$5:$O$1188,0,MATCH(D53,Projects!$I$4:$O$4,0))*pjWk),0))} -> 0 | F53: =IF(BI53="","",SUM(H53:BG53)) -> 0 | G53: =IF(OR(E53="",F53=""),"",E53-F53) -> 0 | BI53: {=IF(A53="","",IFERROR(MATCH(1,INDEX((pjNo=A53)*(pjType="Project"),0),0),""))} -> 21 | BJ53: =IF(D53="","",IFERROR(INDEX(tblStaff[Staff Level],MATCH(D53,tblStaff[Initials],0)),"?")) -> Project Designer | BK53: {=IF(BI53="","",INDEX(pjStart,BI53))} | BL53: {=IF(BI53="","",INDEX(pjEnd,BI53))} | BM53: =IF(BI53="",0,IF(C53="Active",1,IF(C53="Prospective",IF(Assumptions!$B$6="Active only",0,Assumptions!$B$7),0))) -> 0 | BN53: 7
A54: 2458 | B54: {=IF(BI54="","",INDEX(pjName,BI54))} -> Summit Ridge Village | C54: {=IF(BI54="","",IF(INDEX(pjStatus,BI54)="","",INDEX(pjStatus,BI54)))} -> Inactive | D54: {=IFERROR(INDEX(tblStaff[Initials],BN54),"")} | E54: {=IF(OR(BI54="",D54=""),"",IFERROR(SUMPRODUCT((pjNo=A54)*(pjType="Phase")*INDEX(Projects!$I$5:$O$1188,0,MATCH(D54,Projects!$I$4:$O$4,0))*pjWk),0))} | F54: =IF(BI54="","",SUM(H54:BG54)) -> 0 | G54: =IF(OR(E54="",F54=""),"",E54-F54) | BI54: {=IF(A54="","",IFERROR(MATCH(1,INDEX((pjNo=A54)*(pjType="Project"),0),0),""))} -> 21 | BJ54: =IF(D54="","",IFERROR(INDEX(tblStaff[Staff Level],MATCH(D54,tblStaff[Initials],0)),"?")) | BK54: {=IF(BI54="","",INDEX(pjStart,BI54))} | BL54: {=IF(BI54="","",INDEX(pjEnd,BI54))} | BM54: =IF(BI54="",0,IF(C54="Active",1,IF(C54="Prospective",IF(Assumptions!$B$6="Active only",0,Assumptions!$B$7),0))) -> 0 | BN54: 8
B55: =IF(A56="","",A56&" · "&B56) -> 2469 · Fairhaven Village | C55: =IF(A56="","",C56) -> Active | E55: =SUM(E56:E63) -> 0 | F55: =SUM(F56:F63) -> 0 | G55: =IF(E55=0,"",E55-F55) | H55: =SUM(H56:H63) -> 0 | I55: =SUM(I56:I63) -> 0 | J55: =SUM(J56:J63) -> 0 | K55: =SUM(K56:K63) -> 0 | L55: =SUM(L56:L63) -> 0 | M55: =SUM(M56:M63) -> 0 | N55: =SUM(N56:N63) -> 0 | O55: =SUM(O56:O63) -> 0 | ... BG55: =SUM(BG56:BG63) -> 0
A56: 2469 | B56: {=IF(BI56="","",INDEX(pjName,BI56))} -> Fairhaven Village | C56: {=IF(BI56="","",IF(INDEX(pjStatus,BI56)="","",INDEX(pjStatus,BI56)))} -> Active | D56: {=IFERROR(INDEX(tblStaff[Initials],BN56),"")} -> PK | E56: {=IF(OR(BI56="",D56=""),"",IFERROR(SUMPRODUCT((pjNo=A56)*(pjType="Phase")*INDEX(Projects!$I$5:$O$1188,0,MATCH(D56,Projects!$I$4:$O$4,0))*pjWk),0))} -> 0 | F56: =IF(BI56="","",SUM(H56:BG56)) -> 0 | G56: =IF(OR(E56="",F56=""),"",E56-F56) -> 0 | BI56: {=IF(A56="","",IFERROR(MATCH(1,INDEX((pjNo=A56)*(pjType="Project"),0),0),""))} -> 30 | BJ56: =IF(D56="","",IFERROR(INDEX(tblStaff[Staff Level],MATCH(D56,tblStaff[Initials],0)),"?")) -> Principal | BK56: {=IF(BI56="","",INDEX(pjStart,BI56))} | BL56: {=IF(BI56="","",INDEX(pjEnd,BI56))} | BM56: =IF(BI56="",0,IF(C56="Active",1,IF(C56="Prospective",IF(Assumptions!$B$6="Active only",0,Assumptions!$B$7),0))) -> 1 | BN56: 1
A57: 2469 | B57: {=IF(BI57="","",INDEX(pjName,BI57))} -> Fairhaven Village | C57: {=IF(BI57="","",IF(INDEX(pjStatus,BI57)="","",INDEX(pjStatus,BI57)))} -> Active | D57: {=IFERROR(INDEX(tblStaff[Initials],BN57),"")} -> DF | E57: {=IF(OR(BI57="",D57=""),"",IFERROR(SUMPRODUCT((pjNo=A57)*(pjType="Phase")*INDEX(Projects!$I$5:$O$1188,0,MATCH(D57,Projects!$I$4:$O$4,0))*pjWk),0))} -> 0 | F57: =IF(BI57="","",SUM(H57:BG57)) -> 0 | G57: =IF(OR(E57="",F57=""),"",E57-F57) -> 0 | BI57: {=IF(A57="","",IFERROR(MATCH(1,INDEX((pjNo=A57)*(pjType="Project"),0),0),""))} -> 30 | BJ57: =IF(D57="","",IFERROR(INDEX(tblStaff[Staff Level],MATCH(D57,tblStaff[Initials],0)),"?")) -> Principal | BK57: {=IF(BI57="","",INDEX(pjStart,BI57))} | BL57: {=IF(BI57="","",INDEX(pjEnd,BI57))} | BM57: =IF(BI57="",0,IF(C57="Active",1,IF(C57="Prospective",IF(Assumptions!$B$6="Active only",0,Assumptions!$B$7),0))) -> 1 | BN57: 2
A58: 2469 | B58: {=IF(BI58="","",INDEX(pjName,BI58))} -> Fairhaven Village | C58: {=IF(BI58="","",IF(INDEX(pjStatus,BI58)="","",INDEX(pjStatus,BI58)))} -> Active | D58: {=IFERROR(INDEX(tblStaff[Initials],BN58),"")} -> KJ | E58: {=IF(OR(BI58="",D58=""),"",IFERROR(SUMPRODUCT((pjNo=A58)*(pjType="Phase")*INDEX(Projects!$I$5:$O$1188,0,MATCH(D58,Projects!$I$4:$O$4,0))*pjWk),0))} -> 0 | F58: =IF(BI58="","",SUM(H58:BG58)) -> 0 | G58: =IF(OR(E58="",F58=""),"",E58-F58) -> 0 | BI58: {=IF(A58="","",IFERROR(MATCH(1,INDEX((pjNo=A58)*(pjType="Project"),0),0),""))} -> 30 | BJ58: =IF(D58="","",IFERROR(INDEX(tblStaff[Staff Level],MATCH(D58,tblStaff[Initials],0)),"?")) -> Director | BK58: {=IF(BI58="","",INDEX(pjStart,BI58))} | BL58: {=IF(BI58="","",INDEX(pjEnd,BI58))} | BM58: =IF(BI58="",0,IF(C58="Active",1,IF(C58="Prospective",IF(Assumptions!$B$6="Active only",0,Assumptions!$B$7),0))) -> 1 | BN58: 3
A59: 2469 | B59: {=IF(BI59="","",INDEX(pjName,BI59))} -> Fairhaven Village | C59: {=IF(BI59="","",IF(INDEX(pjStatus,BI59)="","",INDEX(pjStatus,BI59)))} -> Active | D59: {=IFERROR(INDEX(tblStaff[Initials],BN59),"")} -> HL | E59: {=IF(OR(BI59="",D59=""),"",IFERROR(SUMPRODUCT((pjNo=A59)*(pjType="Phase")*INDEX(Projects!$I$5:$O$1188,0,MATCH(D59,Projects!$I$4:$O$4,0))*pjWk),0))} -> 0 | F59: =IF(BI59="","",SUM(H59:BG59)) -> 0 | G59: =IF(OR(E59="",F59=""),"",E59-F59) -> 0 | BI59: {=IF(A59="","",IFERROR(MATCH(1,INDEX((pjNo=A59)*(pjType="Project"),0),0),""))} -> 30 | BJ59: =IF(D59="","",IFERROR(INDEX(tblStaff[Staff Level],MATCH(D59,tblStaff[Initials],0)),"?")) -> Senior Designer | BK59: {=IF(BI59="","",INDEX(pjStart,BI59))} | BL59: {=IF(BI59="","",INDEX(pjEnd,BI59))} | BM59: =IF(BI59="",0,IF(C59="Active",1,IF(C59="Prospective",IF(Assumptions!$B$6="Active only",0,Assumptions!$B$7),0))) -> 1 | BN59: 4
A60: 2469 | B60: {=IF(BI60="","",INDEX(pjName,BI60))} -> Fairhaven Village | C60: {=IF(BI60="","",IF(INDEX(pjStatus,BI60)="","",INDEX(pjStatus,BI60)))} -> Active | D60: {=IFERROR(INDEX(tblStaff[Initials],BN60),"")} -> EHH | E60: {=IF(OR(BI60="",D60=""),"",IFERROR(SUMPRODUCT((pjNo=A60)*(pjType="Phase")*INDEX(Projects!$I$5:$O$1188,0,MATCH(D60,Projects!$I$4:$O$4,0))*pjWk),0))} -> 0 | F60: =IF(BI60="","",SUM(H60:BG60)) -> 0 | G60: =IF(OR(E60="",F60=""),"",E60-F60) -> 0 | BI60: {=IF(A60="","",IFERROR(MATCH(1,INDEX((pjNo=A60)*(pjType="Project"),0),0),""))} -> 30 | BJ60: =IF(D60="","",IFERROR(INDEX(tblStaff[Staff Level],MATCH(D60,tblStaff[Initials],0)),"?")) -> Mid Level Designer | BK60: {=IF(BI60="","",INDEX(pjStart,BI60))} | BL60: {=IF(BI60="","",INDEX(pjEnd,BI60))} | BM60: =IF(BI60="",0,IF(C60="Active",1,IF(C60="Prospective",IF(Assumptions!$B$6="Active only",0,Assumptions!$B$7),0))) -> 1 | BN60: 5
A61: 2469 | B61: {=IF(BI61="","",INDEX(pjName,BI61))} -> Fairhaven Village | C61: {=IF(BI61="","",IF(INDEX(pjStatus,BI61)="","",INDEX(pjStatus,BI61)))} -> Active | D61: {=IFERROR(INDEX(tblStaff[Initials],BN61),"")} -> KD | E61: {=IF(OR(BI61="",D61=""),"",IFERROR(SUMPRODUCT((pjNo=A61)*(pjType="Phase")*INDEX(Projects!$I$5:$O$1188,0,MATCH(D61,Projects!$I$4:$O$4,0))*pjWk),0))} -> 0 | F61: =IF(BI61="","",SUM(H61:BG61)) -> 0 | G61: =IF(OR(E61="",F61=""),"",E61-F61) -> 0 | BI61: {=IF(A61="","",IFERROR(MATCH(1,INDEX((pjNo=A61)*(pjType="Project"),0),0),""))} -> 30 | BJ61: =IF(D61="","",IFERROR(INDEX(tblStaff[Staff Level],MATCH(D61,tblStaff[Initials],0)),"?")) -> Mid Level Designer | BK61: {=IF(BI61="","",INDEX(pjStart,BI61))} | BL61: {=IF(BI61="","",INDEX(pjEnd,BI61))} | BM61: =IF(BI61="",0,IF(C61="Active",1,IF(C61="Prospective",IF(Assumptions!$B$6="Active only",0,Assumptions!$B$7),0))) -> 1 | BN61: 6
A62: 2469 | B62: {=IF(BI62="","",INDEX(pjName,BI62))} -> Fairhaven Village | C62: {=IF(BI62="","",IF(INDEX(pjStatus,BI62)="","",INDEX(pjStatus,BI62)))} -> Active | D62: {=IFERROR(INDEX(tblStaff[Initials],BN62),"")} -> XX | E62: {=IF(OR(BI62="",D62=""),"",IFERROR(SUMPRODUCT((pjNo=A62)*(pjType="Phase")*INDEX(Projects!$I$5:$O$1188,0,MATCH(D62,Projects!$I$4:$O$4,0))*pjWk),0))} -> 0 | F62: =IF(BI62="","",SUM(H62:BG62)) -> 0 | G62: =IF(OR(E62="",F62=""),"",E62-F62) -> 0 | BI62: {=IF(A62="","",IFERROR(MATCH(1,INDEX((pjNo=A62)*(pjType="Project"),0),0),""))} -> 30 | BJ62: =IF(D62="","",IFERROR(INDEX(tblStaff[Staff Level],MATCH(D62,tblStaff[Initials],0)),"?")) -> Project Designer | BK62: {=IF(BI62="","",INDEX(pjStart,BI62))} | BL62: {=IF(BI62="","",INDEX(pjEnd,BI62))} | BM62: =IF(BI62="",0,IF(C62="Active",1,IF(C62="Prospective",IF(Assumptions!$B$6="Active only",0,Assumptions!$B$7),0))) -> 1 | BN62: 7
A63: 2469 | B63: {=IF(BI63="","",INDEX(pjName,BI63))} -> Fairhaven Village | C63: {=IF(BI63="","",IF(INDEX(pjStatus,BI63)="","",INDEX(pjStatus,BI63)))} -> Active | D63: {=IFERROR(INDEX(tblStaff[Initials],BN63),"")} | E63: {=IF(OR(BI63="",D63=""),"",IFERROR(SUMPRODUCT((pjNo=A63)*(pjType="Phase")*INDEX(Projects!$I$5:$O$1188,0,MATCH(D63,Projects!$I$4:$O$4,0))*pjWk),0))} | F63: =IF(BI63="","",SUM(H63:BG63)) -> 0 | G63: =IF(OR(E63="",F63=""),"",E63-F63) | BI63: {=IF(A63="","",IFERROR(MATCH(1,INDEX((pjNo=A63)*(pjType="Project"),0),0),""))} -> 30 | BJ63: =IF(D63="","",IFERROR(INDEX(tblStaff[Staff Level],MATCH(D63,tblStaff[Initials],0)),"?")) | BK63: {=IF(BI63="","",INDEX(pjStart,BI63))} | BL63: {=IF(BI63="","",INDEX(pjEnd,BI63))} | BM63: =IF(BI63="",0,IF(C63="Active",1,IF(C63="Prospective",IF(Assumptions!$B$6="Active only",0,Assumptions!$B$7),0))) -> 1 | BN63: 8
B64: =IF(A65="","",A65&" · "&B65) -> 2470 · Canyon Vista Park | C64: =IF(A65="","",C65) -> Active | E64: =SUM(E65:E72) -> 0 | F64: =SUM(F65:F72) -> 0 | G64: =IF(E64=0,"",E64-F64) | H64: =SUM(H65:H72) -> 0 | I64: =SUM(I65:I72) -> 0 | J64: =SUM(J65:J72) -> 0 | K64: =SUM(K65:K72) -> 0 | L64: =SUM(L65:L72) -> 0 | M64: =SUM(M65:M72) -> 0 | N64: =SUM(N65:N72) -> 0 | O64: =SUM(O65:O72) -> 0 | ... BG64: =SUM(BG65:BG72) -> 0
A65: 2470 | B65: {=IF(BI65="","",INDEX(pjName,BI65))} -> Canyon Vista Park | C65: {=IF(BI65="","",IF(INDEX(pjStatus,BI65)="","",INDEX(pjStatus,BI65)))} -> Active | D65: {=IFERROR(INDEX(tblStaff[Initials],BN65),"")} -> PK | E65: {=IF(OR(BI65="",D65=""),"",IFERROR(SUMPRODUCT((pjNo=A65)*(pjType="Phase")*INDEX(Projects!$I$5:$O$1188,0,MATCH(D65,Projects!$I$4:$O$4,0))*pjWk),0))} -> 0 | F65: =IF(BI65="","",SUM(H65:BG65)) -> 0 | G65: =IF(OR(E65="",F65=""),"",E65-F65) -> 0 | BI65: {=IF(A65="","",IFERROR(MATCH(1,INDEX((pjNo=A65)*(pjType="Project"),0),0),""))} -> 39 | BJ65: =IF(D65="","",IFERROR(INDEX(tblStaff[Staff Level],MATCH(D65,tblStaff[Initials],0)),"?")) -> Principal | BK65: {=IF(BI65="","",INDEX(pjStart,BI65))} | BL65: {=IF(BI65="","",INDEX(pjEnd,BI65))} | BM65: =IF(BI65="",0,IF(C65="Active",1,IF(C65="Prospective",IF(Assumptions!$B$6="Active only",0,Assumptions!$B$7),0))) -> 1 | BN65: 1
A66: 2470 | B66: {=IF(BI66="","",INDEX(pjName,BI66))} -> Canyon Vista Park | C66: {=IF(BI66="","",IF(INDEX(pjStatus,BI66)="","",INDEX(pjStatus,BI66)))} -> Active | D66: {=IFERROR(INDEX(tblStaff[Initials],BN66),"")} -> DF | E66: {=IF(OR(BI66="",D66=""),"",IFERROR(SUMPRODUCT((pjNo=A66)*(pjType="Phase")*INDEX(Projects!$I$5:$O$1188,0,MATCH(D66,Projects!$I$4:$O$4,0))*pjWk),0))} -> 0 | F66: =IF(BI66="","",SUM(H66:BG66)) -> 0 | G66: =IF(OR(E66="",F66=""),"",E66-F66) -> 0 | BI66: {=IF(A66="","",IFERROR(MATCH(1,INDEX((pjNo=A66)*(pjType="Project"),0),0),""))} -> 39 | BJ66: =IF(D66="","",IFERROR(INDEX(tblStaff[Staff Level],MATCH(D66,tblStaff[Initials],0)),"?")) -> Principal | BK66: {=IF(BI66="","",INDEX(pjStart,BI66))} | BL66: {=IF(BI66="","",INDEX(pjEnd,BI66))} | BM66: =IF(BI66="",0,IF(C66="Active",1,IF(C66="Prospective",IF(Assumptions!$B$6="Active only",0,Assumptions!$B$7),0))) -> 1 | BN66: 2
A67: 2470 | B67: {=IF(BI67="","",INDEX(pjName,BI67))} -> Canyon Vista Park | C67: {=IF(BI67="","",IF(INDEX(pjStatus,BI67)="","",INDEX(pjStatus,BI67)))} -> Active | D67: {=IFERROR(INDEX(tblStaff[Initials],BN67),"")} -> KJ | E67: {=IF(OR(BI67="",D67=""),"",IFERROR(SUMPRODUCT((pjNo=A67)*(pjType="Phase")*INDEX(Projects!$I$5:$O$1188,0,MATCH(D67,Projects!$I$4:$O$4,0))*pjWk),0))} -> 0 | F67: =IF(BI67="","",SUM(H67:BG67)) -> 0 | G67: =IF(OR(E67="",F67=""),"",E67-F67) -> 0 | BI67: {=IF(A67="","",IFERROR(MATCH(1,INDEX((pjNo=A67)*(pjType="Project"),0),0),""))} -> 39 | BJ67: =IF(D67="","",IFERROR(INDEX(tblStaff[Staff Level],MATCH(D67,tblStaff[Initials],0)),"?")) -> Director | BK67: {=IF(BI67="","",INDEX(pjStart,BI67))} | BL67: {=IF(BI67="","",INDEX(pjEnd,BI67))} | BM67: =IF(BI67="",0,IF(C67="Active",1,IF(C67="Prospective",IF(Assumptions!$B$6="Active only",0,Assumptions!$B$7),0))) -> 1 | BN67: 3
A68: 2470 | B68: {=IF(BI68="","",INDEX(pjName,BI68))} -> Canyon Vista Park | C68: {=IF(BI68="","",IF(INDEX(pjStatus,BI68)="","",INDEX(pjStatus,BI68)))} -> Active | D68: {=IFERROR(INDEX(tblStaff[Initials],BN68),"")} -> HL | E68: {=IF(OR(BI68="",D68=""),"",IFERROR(SUMPRODUCT((pjNo=A68)*(pjType="Phase")*INDEX(Projects!$I$5:$O$1188,0,MATCH(D68,Projects!$I$4:$O$4,0))*pjWk),0))} -> 0 | F68: =IF(BI68="","",SUM(H68:BG68)) -> 0 | G68: =IF(OR(E68="",F68=""),"",E68-F68) -> 0 | BI68: {=IF(A68="","",IFERROR(MATCH(1,INDEX((pjNo=A68)*(pjType="Project"),0),0),""))} -> 39 | BJ68: =IF(D68="","",IFERROR(INDEX(tblStaff[Staff Level],MATCH(D68,tblStaff[Initials],0)),"?")) -> Senior Designer | BK68: {=IF(BI68="","",INDEX(pjStart,BI68))} | BL68: {=IF(BI68="","",INDEX(pjEnd,BI68))} | BM68: =IF(BI68="",0,IF(C68="Active",1,IF(C68="Prospective",IF(Assumptions!$B$6="Active only",0,Assumptions!$B$7),0))) -> 1 | BN68: 4
A69: 2470 | B69: {=IF(BI69="","",INDEX(pjName,BI69))} -> Canyon Vista Park | C69: {=IF(BI69="","",IF(INDEX(pjStatus,BI69)="","",INDEX(pjStatus,BI69)))} -> Active | D69: {=IFERROR(INDEX(tblStaff[Initials],BN69),"")} -> EHH | E69: {=IF(OR(BI69="",D69=""),"",IFERROR(SUMPRODUCT((pjNo=A69)*(pjType="Phase")*INDEX(Projects!$I$5:$O$1188,0,MATCH(D69,Projects!$I$4:$O$4,0))*pjWk),0))} -> 0 | F69: =IF(BI69="","",SUM(H69:BG69)) -> 0 | G69: =IF(OR(E69="",F69=""),"",E69-F69) -> 0 | BI69: {=IF(A69="","",IFERROR(MATCH(1,INDEX((pjNo=A69)*(pjType="Project"),0),0),""))} -> 39 | BJ69: =IF(D69="","",IFERROR(INDEX(tblStaff[Staff Level],MATCH(D69,tblStaff[Initials],0)),"?")) -> Mid Level Designer | BK69: {=IF(BI69="","",INDEX(pjStart,BI69))} | BL69: {=IF(BI69="","",INDEX(pjEnd,BI69))} | BM69: =IF(BI69="",0,IF(C69="Active",1,IF(C69="Prospective",IF(Assumptions!$B$6="Active only",0,Assumptions!$B$7),0))) -> 1 | BN69: 5
A70: 2470 | B70: {=IF(BI70="","",INDEX(pjName,BI70))} -> Canyon Vista Park | C70: {=IF(BI70="","",IF(INDEX(pjStatus,BI70)="","",INDEX(pjStatus,BI70)))} -> Active | D70: {=IFERROR(INDEX(tblStaff[Initials],BN70),"")} -> KD | E70: {=IF(OR(BI70="",D70=""),"",IFERROR(SUMPRODUCT((pjNo=A70)*(pjType="Phase")*INDEX(Projects!$I$5:$O$1188,0,MATCH(D70,Projects!$I$4:$O$4,0))*pjWk),0))} -> 0 | F70: =IF(BI70="","",SUM(H70:BG70)) -> 0 | G70: =IF(OR(E70="",F70=""),"",E70-F70) -> 0 | BI70: {=IF(A70="","",IFERROR(MATCH(1,INDEX((pjNo=A70)*(pjType="Project"),0),0),""))} -> 39 | BJ70: =IF(D70="","",IFERROR(INDEX(tblStaff[Staff Level],MATCH(D70,tblStaff[Initials],0)),"?")) -> Mid Level Designer | BK70: {=IF(BI70="","",INDEX(pjStart,BI70))} | BL70: {=IF(BI70="","",INDEX(pjEnd,BI70))} | BM70: =IF(BI70="",0,IF(C70="Active",1,IF(C70="Prospective",IF(Assumptions!$B$6="Active only",0,Assumptions!$B$7),0))) -> 1 | BN70: 6
A71: 2470 | B71: {=IF(BI71="","",INDEX(pjName,BI71))} -> Canyon Vista Park | C71: {=IF(BI71="","",IF(INDEX(pjStatus,BI71)="","",INDEX(pjStatus,BI71)))} -> Active | D71: {=IFERROR(INDEX(tblStaff[Initials],BN71),"")} -> XX | E71: {=IF(OR(BI71="",D71=""),"",IFERROR(SUMPRODUCT((pjNo=A71)*(pjType="Phase")*INDEX(Projects!$I$5:$O$1188,0,MATCH(D71,Projects!$I$4:$O$4,0))*pjWk),0))} -> 0 | F71: =IF(BI71="","",SUM(H71:BG71)) -> 0 | G71: =IF(OR(E71="",F71=""),"",E71-F71) -> 0 | BI71: {=IF(A71="","",IFERROR(MATCH(1,INDEX((pjNo=A71)*(pjType="Project"),0),0),""))} -> 39 | BJ71: =IF(D71="","",IFERROR(INDEX(tblStaff[Staff Level],MATCH(D71,tblStaff[Initials],0)),"?")) -> Project Designer | BK71: {=IF(BI71="","",INDEX(pjStart,BI71))} | BL71: {=IF(BI71="","",INDEX(pjEnd,BI71))} | BM71: =IF(BI71="",0,IF(C71="Active",1,IF(C71="Prospective",IF(Assumptions!$B$6="Active only",0,Assumptions!$B$7),0))) -> 1 | BN71: 7
